store_id,target
000fade4-e8dc-11ed-b10a-08c0eb31fffb,0
0022f1b0-b8f8-11ee-b10b-08c0eb31fffb,0
00440ac1-6a1d-11eb-85a3-1c34dae33151,4
00442959-9671-11ec-ae6d-08c0eb320147,3
00562194-569a-11ec-a0ee-ec0d9a21b021,0
00872c4d-b7c8-11eb-85ab-1c34dae33151,0
00c531ee-7d23-11ed-b970-08c0eb32008b,2
00dad17e-50ee-11ef-b973-08c0eb32008b,0
00f43499-3c96-11f0-9bb2-be3af2b6059f,4
012f4970-7b40-11ef-ae7a-08c0eb320147,0
0181305a-1ff8-11ee-b971-08c0eb32008b,0
018c0434-f787-11ec-8859-08c0eb32014b,2
01b61453-a759-11ef-8861-08c0eb32014b,0
01bb6fcc-259c-11f0-9bb2-be3af2b6059f,0
01ca88ce-d4a2-11ee-b973-08c0eb32008b,3
01eca359-58f5-11ec-a0ee-ec0d9a21b021,2
02074606-902a-11ee-ae7a-08c0eb320147,0
0227a677-37f9-11ec-85ad-1c34dae33151,2
02368921-d0b0-11ee-ae7a-08c0eb320147,0
024e651c-5832-11ec-85ad-1c34dae33151,2
02787feb-3497-11f0-9bb2-be3af2b6059f,0
02853a18-3730-11ec-a0ee-ec0d9a21b021,0
0289ea3d-8408-11ec-ae6d-08c0eb320147,4
029b1989-55c1-11ed-ae75-08c0eb320147,0
02b1ffb9-e07c-11ee-b973-08c0eb32008b,1
02efb51b-18f8-11ef-b10b-08c0eb31fffb,0
030408ca-37f6-11ec-85ad-1c34dae33151,3
03055473-50e8-11ef-b973-08c0eb32008b,0
031693e6-9d20-11f0-aa3c-be3af2b6059f,3
0327f04b-bf37-11ec-8857-08c0eb32014b,0
032be154-2a66-11eb-859a-1c34dae33151,2
0334e713-d7b0-11ed-b970-08c0eb32008b,0
0336541c-50d7-11ef-b973-08c0eb32008b,0
0354eabe-d7e0-11ee-ae7a-08c0eb320147,0
03805ed0-6b34-11ed-b96e-08c0eb32008b,0
03ad90ef-d97b-11ef-aa23-be3af2b6059f,2
03aeb11f-42f8-11ec-a0ee-ec0d9a21b021,0
03bcdafc-6d03-11ee-8860-08c0eb32014b,4
03e84186-8a99-11ec-b967-08c0eb32008b,3
03ed4cc1-6c82-11f0-a97c-be3af2b6059f,0
03f0a450-dc59-11ee-b973-08c0eb32008b,0
03fdadd2-8230-11ef-8861-08c0eb32014b,1
0438be32-d8c2-11ef-9bb0-be3af2b6059f,4
043fceed-d15c-11ee-b10b-08c0eb31fffb,1
04508dc3-8589-11ef-ae7a-08c0eb320147,0
045ba20d-5355-11f0-a97c-be3af2b6059f,0
047c9298-b0a4-11ef-b973-08c0eb32008b,0
0496ed82-a8e6-11ef-ae7a-08c0eb320147,0
04ab4566-3895-11eb-859a-1c34dae33151,0
0518ec93-717c-11ee-b972-08c0eb32008b,0
051999b4-3b55-11ed-ae72-08c0eb320147,0
055eb4c7-e8d3-11ec-ae71-08c0eb320147,0
05739419-9b58-11ee-8861-08c0eb32014b,0
057fbe65-f3d2-11ed-b971-08c0eb32008b,0
059542a5-89f7-11ee-8861-08c0eb32014b,0
05bef77a-8278-11f0-9bb2-be3af2b6059f,0
05e8ff27-38be-11ec-a0ee-ec0d9a21b021,0
05f28c31-5e43-11ef-b973-08c0eb32008b,0
061569f1-2a6c-11eb-859a-1c34dae33151,3
061bfa14-edd9-11ee-ae7a-08c0eb320147,4
062225af-acb0-11ef-ae7a-08c0eb320147,0
064ab6dc-5d3c-11ea-a7b3-0050560306e1,1
06638419-eb4e-11ed-b971-08c0eb32008b,4
06abe5a4-2734-11ef-b10b-08c0eb31fffb,0
06ac6faa-7776-11eb-85a3-1c34dae33151,0
06d7b8bc-891a-11ee-b973-08c0eb32008b,0
06e01b66-0a21-11eb-8599-1c34dae33151,0
06e452cd-c1ef-11eb-85ab-1c34dae33151,4
07134119-2588-11eb-8599-1c34dae33151,0
071826a3-75e6-11ea-95b9-0050560306e1,2
07497e8c-a0c2-11ee-b10b-08c0eb31fffb,0
07561b83-d839-11ed-ae77-08c0eb320147,0
0780274a-5d40-11ea-a7b3-0050560306e1,2
07822366-0d48-11ef-b10b-08c0eb31fffb,0
078e06d7-a326-11ee-8861-08c0eb32014b,4
07c7d165-0386-11ed-ae72-08c0eb320147,3
084ea3fd-63e4-11ed-ae75-08c0eb320147,0
085165a7-2438-11f0-9bb2-be3af2b6059f,0
086f6748-70c4-11ed-885b-08c0eb32014b,0
0873dd22-106c-11f0-aa25-be3af2b6059f,0
08798f78-f1b4-11ea-8599-1c34dae33151,0
087f874e-0d34-11ef-8861-08c0eb32014b,1
08969632-95a8-11ec-b0fc-08c0eb31fffb,0
089711aa-5378-11ec-a0ee-ec0d9a21b021,2
08b3f8e9-5b8b-11ed-b96e-08c0eb32008b,0
08d402e0-7195-11ed-885b-08c0eb32014b,0
08d88eaf-55a2-11f0-a5cb-7cc255b74513,3
08d899c9-81c8-11f0-a97c-be3af2b6059f,0
08ed1ece-7d1c-11ed-b970-08c0eb32008b,4
09302183-851f-11ee-b10b-08c0eb31fffb,0
096335e8-5e7c-11ed-ae75-08c0eb320147,0
097b113c-42c2-11f0-a5cb-7cc255b74513,0
097e90fa-f1c9-11ea-8599-1c34dae33151,1
098c3d19-ec3e-11ee-ae7a-08c0eb320147,3
09b60db2-27ce-11ef-b10b-08c0eb31fffb,0
09d32138-8568-11ee-b10b-08c0eb31fffb,0
09d60399-7d1f-11ed-b970-08c0eb32008b,0
09df4f69-92ae-11ed-885d-08c0eb32014b,0
09fc245f-7d33-11ec-ae6d-08c0eb320147,2
0a03ee00-7241-11ee-b972-08c0eb32008b,0
0a1cd6f2-3879-11eb-859a-1c34dae33151,0
0a641414-71bc-11ed-b96e-08c0eb32008b,0
0a800164-63fd-11ed-b107-08c0eb31fffb,2
0a848432-ac64-11ed-ae77-08c0eb320147,0
0aa1d8f7-9c63-11ef-b10b-08c0eb31fffb,4
0aaaad33-d7bb-11ed-b970-08c0eb32008b,0
0ab40e24-79b6-11ef-b973-08c0eb32008b,4
0afc5e3e-1768-11ea-8c5d-0050560306e1,1
0b239fd9-ab20-11ef-ae7a-08c0eb320147,1
0b4aba0e-aedc-11ee-8861-08c0eb32014b,0
0b58b710-6cb6-11ed-885b-08c0eb32014b,0
0b8b2ed6-2591-11f0-a97c-be3af2b6059f,2
0b9221b1-678c-11eb-85a3-1c34dae33151,1
0b93797a-f305-11ed-885e-08c0eb32014b,0
0b93a52d-ab10-11ef-b10b-08c0eb31fffb,0
0b9c9942-bd1f-11ea-b7de-0050560306e1,0
0ba68a3c-dc93-11ee-ae7a-08c0eb320147,0
0bd8083b-009d-11ef-b973-08c0eb32008b,0
0bd9b11d-4f85-11ed-ae72-08c0eb320147,1
0bf47b58-a820-11eb-85a9-1c34dae33151,2
0c119373-a0be-11ee-b973-08c0eb32008b,0
0c154cca-3c23-11ee-885f-08c0eb32014b,2
0c1c5535-0f6e-11ee-ae78-08c0eb320147,0
0c29f7b3-95ca-11ef-ae7a-08c0eb320147,3
0c4069ca-088d-11ef-b973-08c0eb32008b,0
0c4fe8e1-63e8-11ed-b107-08c0eb31fffb,0
0c51064c-8ee9-11ee-8861-08c0eb32014b,2
0c55b155-d7b2-11ed-b970-08c0eb32008b,0
0c62c94d-165d-11ee-b10a-08c0eb31fffb,1
0c635071-70c2-11ed-b107-08c0eb31fffb,0
0c63fd39-7196-11ed-885b-08c0eb32014b,0
0c6b2830-2015-11eb-8599-1c34dae33151,0
0c6cc074-87c0-11ef-8861-08c0eb32014b,0
0c745173-42e2-11ec-a0ee-ec0d9a21b021,3
0c9737dd-fc1f-11eb-a0ee-ec0d9a21b021,0
0caea5df-362a-11ec-85ad-1c34dae33151,3
0cbfc7a6-d6eb-11ee-b973-08c0eb32008b,4
0ce3bfaf-5e3a-11ef-b10b-08c0eb31fffb,0
0cf9ea7e-a412-11eb-85a9-1c34dae33151,0
0d05013c-c0e0-11ea-b7de-0050560306e1,0
0d09a8ce-7158-11ed-b96e-08c0eb32008b,0
0d0f43b5-7d19-11ed-b109-08c0eb31fffb,0
0d3124eb-52a9-11ec-85ad-1c34dae33151,0
0d55e806-25b7-11eb-8599-1c34dae33151,0
0d6ad1ef-13d4-11ed-885a-08c0eb32014b,0
0d6b9da4-6655-11ed-b96e-08c0eb32008b,1
0d7d0b6a-e235-11ea-8599-1c34dae33151,0
0d95e845-d7bd-11ed-b970-08c0eb32008b,2
0e1c4411-4320-11ee-885f-08c0eb32014b,3
0e31130b-2b3f-11ec-85ad-1c34dae33151,1
0e4f9c9a-87af-11ef-b10b-08c0eb31fffb,0
0e5dd6a6-92b5-11ed-ae77-08c0eb320147,0
0e7dabb8-6884-11f0-a5cb-7cc255b74513,0
0e9a6def-f8b9-11ee-b10b-08c0eb31fffb,0
0edb084e-049f-11ef-8861-08c0eb32014b,0
0f117e0d-bd21-11ea-b7de-0050560306e1,3
0f331265-3c9c-11ec-85ad-1c34dae33151,2
0f33e7de-7542-11ed-885b-08c0eb32014b,0
0f5ea73d-52ae-11ec-85ad-1c34dae33151,2
0f6c538d-9347-11ee-b973-08c0eb32008b,0
0f719fd8-cab3-11eb-85ac-1c34dae33151,4
0f76d3d0-77c7-11ee-ae79-08c0eb320147,1
0f7a6cef-d7e9-11eb-85ac-1c34dae33151,0
0fbc84e3-7a7a-11ef-b973-08c0eb32008b,0
0fd4cd6a-e543-11ef-a5c9-7cc255b74513,0
0fdcfd4f-31b7-11ec-a0ee-ec0d9a21b021,0
1016eadd-905c-11ee-b973-08c0eb32008b,0
101b261d-798d-11ee-b972-08c0eb32008b,0
10570f17-5b82-11ed-885b-08c0eb32014b,0
105c6a49-d9d8-11ed-b971-08c0eb32008b,0
108205bf-771d-11ee-8860-08c0eb32014b,0
108cccda-7197-11ed-885b-08c0eb32014b,3
10976eb9-a945-11ea-9e08-0050560306e1,2
10efe70f-e61b-11ee-b973-08c0eb32008b,0
116877cd-b633-11ef-b10b-08c0eb31fffb,0
116be09a-826b-11eb-85a3-1c34dae33151,0
117aa1b5-75e5-11ea-95b9-0050560306e1,0
117bc703-71ed-11ec-ae6d-08c0eb320147,1
117fbd96-c270-11ed-ae77-08c0eb320147,0
1182cbeb-13ab-11f0-9bb2-be3af2b6059f,3
11957b7a-862c-11ef-b973-08c0eb32008b,4
11b5d05d-9c35-11ef-b10b-08c0eb31fffb,3
122201df-7980-11ee-b972-08c0eb32008b,0
1236b6d6-5735-11f0-a97c-be3af2b6059f,0
124fdfc4-495e-11ec-a0ee-ec0d9a21b021,2
12523951-51c4-11ec-a0ee-ec0d9a21b021,4
129695ad-87ae-11ef-b973-08c0eb32008b,0
12d37efa-1cf8-11ea-8d70-0050560306e1,0
12d37f00-1cf8-11ea-8d70-0050560306e1,3
12d37f02-1cf8-11ea-8d70-0050560306e1,2
12fd888a-7e6a-11ec-b967-08c0eb32008b,0
131fb920-a954-11ea-9e08-0050560306e1,0
13231899-594a-11ea-8385-0050560306e1,3
132f4713-93d7-11ec-b0fc-08c0eb31fffb,2
1352de63-ff9e-11ed-b10a-08c0eb31fffb,3
1388f843-a5a2-11ef-b973-08c0eb32008b,0
13b02cd1-d6f5-11ee-b10b-08c0eb31fffb,0
13b06f0c-053f-11ee-885e-08c0eb32014b,0
13bcbff5-41f9-11f0-aa25-be3af2b6059f,0
13c668aa-b33f-11eb-85ab-1c34dae33151,0
13d68d1c-0c82-11ef-ae7a-08c0eb320147,4
140eb3a2-edb7-11ee-ae7a-08c0eb320147,4
142214bd-d56c-11ee-b973-08c0eb32008b,0
144acc71-8239-11ef-8861-08c0eb32014b,4
1453a643-bd42-11ea-b7de-0050560306e1,0
149533d9-a037-11ef-8861-08c0eb32014b,1
1523ba00-353e-11ee-ae78-08c0eb320147,0
1530d12f-c763-11eb-85ac-1c34dae33151,0
1565c09a-e080-11ee-b973-08c0eb32008b,0
157b61ef-c26d-11ed-b970-08c0eb32008b,3
1589b9ae-f4e8-11ef-aa23-be3af2b6059f,0
15977107-70c6-11ed-b107-08c0eb31fffb,0
15ab49d9-43ac-11ec-a0ee-ec0d9a21b021,0
15ec37f2-50e9-11ef-b973-08c0eb32008b,4
15ec6310-87af-11eb-85a3-1c34dae33151,0
15f3ff75-190d-11eb-8599-1c34dae33151,0
15fe19b9-8ac4-11ea-aff3-0050560306e1,0
160474f4-2dbb-11ec-a0ee-ec0d9a21b021,0
161de04d-48e8-11ea-8a1c-0050560306e1,2
16465cc7-06e9-11ee-b10a-08c0eb31fffb,0
16809cb1-3c8b-11ec-85ad-1c34dae33151,0
16a8cc2a-4d60-11ee-b971-08c0eb32008b,0
16c22de8-1b4c-11ee-b971-08c0eb32008b,1
176b57b2-d18d-11ea-b7de-0050560306e1,1
1786df5a-250f-11ec-a0ee-ec0d9a21b021,2
17e84091-3800-11ec-85ad-1c34dae33151,2
17ea18e1-abb7-11ed-b970-08c0eb32008b,0
1808e952-eb89-11eb-a0ee-ec0d9a21b021,0
180f58e1-71c2-11ed-ae75-08c0eb320147,0
1823a073-d309-11ea-8598-1c34dae33151,0
1834fc23-92b6-11ed-ae77-08c0eb320147,0
1841cdc6-9134-11ef-8861-08c0eb32014b,0
185acb9d-4ede-11eb-85a3-1c34dae33151,3
185c935f-f3e5-11ed-ae78-08c0eb320147,0
1865e8b2-3b57-11ed-ae72-08c0eb320147,0
187c25d0-871d-11f0-aa25-be3af2b6059f,4
187eb68e-684b-11ee-b10a-08c0eb31fffb,0
188014f2-5510-11ed-ae75-08c0eb320147,0
189fdaaf-d7bc-11ed-b970-08c0eb32008b,2
18cbb1b3-1cf8-11ea-8d70-0050560306e1,3
18cbb1b5-1cf8-11ea-8d70-0050560306e1,0
18cbb1b8-1cf8-11ea-8d70-0050560306e1,0
18cbb1ba-1cf8-11ea-8d70-0050560306e1,4
18cbb1c1-1cf8-11ea-8d70-0050560306e1,3
18cbb1c3-1cf8-11ea-8d70-0050560306e1,1
18cbb1c8-1cf8-11ea-8d70-0050560306e1,0
18cc5c97-abb5-11ed-b109-08c0eb31fffb,0
18e13eea-34d6-11ed-b106-08c0eb31fffb,1
1945dcee-71d9-11eb-85a3-1c34dae33151,0
1951f3b6-cf28-11ee-8861-08c0eb32014b,0
196dc412-9456-11ea-abac-0050560306e1,2
19952278-f3e3-11ed-b971-08c0eb32008b,0
1997528b-5231-11ee-b10a-08c0eb31fffb,0
19c58696-3733-11ec-a0ee-ec0d9a21b021,0
19c7260e-2e24-11ef-b973-08c0eb32008b,0
19f556af-297b-11ef-ae7a-08c0eb320147,2
19f9ddeb-4d37-11ec-a0ee-ec0d9a21b021,0
1a12c713-d8b0-11ea-8599-1c34dae33151,0
1a17b054-c26f-11ed-b970-08c0eb32008b,0
1a2c81f3-5370-11ec-a0ee-ec0d9a21b021,3
1a456220-e504-11ee-b10b-08c0eb31fffb,4
1a848d4e-c5f2-11ee-b10b-08c0eb31fffb,0
1a92cf36-4960-11ec-a0ee-ec0d9a21b021,0
1ad28071-ac78-11ed-ae77-08c0eb320147,4
1b1216e4-92b7-11ed-ae77-08c0eb320147,3
1b2b7373-1a29-11ec-a0ee-ec0d9a21b021,1
1b32c6cf-f3f4-11ed-b971-08c0eb32008b,0
1b3d73f4-95a7-11ed-b970-08c0eb32008b,0
1b56170b-caad-11eb-85ac-1c34dae33151,0
1b66f382-63e3-11ed-ae75-08c0eb320147,0
1b7e4931-1ec3-11f0-aa3c-be3af2b6059f,0
1b9adc02-5117-11ec-85ad-1c34dae33151,2
1ba36542-1cd5-11ef-b10b-08c0eb31fffb,0
1c0480b0-816c-11eb-85a3-1c34dae33151,4
1c1b3f50-4413-11ef-8861-08c0eb32014b,0
1c27ec0e-27a8-11ee-b971-08c0eb32008b,0
1c2a5a78-dc31-11ec-8859-08c0eb32014b,1
1c3d225f-3b48-11ee-885f-08c0eb32014b,4
1c47cf9c-769e-11f0-a5cb-7cc255b74513,0
1c58047e-48b0-11ed-885a-08c0eb32014b,0
1c670486-c269-11ed-b970-08c0eb32008b,0
1c7f50cd-38bf-11ec-a0ee-ec0d9a21b021,0
1c831f3b-8c8c-11eb-85a8-1c34dae33151,0
1c86ed69-2884-11ed-885a-08c0eb32014b,0
1c967ec2-f7fe-11ea-8599-1c34dae33151,0
1c9bacf9-5456-11ec-85ad-1c34dae33151,0
1cad536e-7d20-11ed-b970-08c0eb32008b,0
1cbeffb6-f4e7-11ef-aa23-be3af2b6059f,0
1cc3c959-a19b-11ef-ae7a-08c0eb320147,1
1cfd5b52-5e3f-11ef-b973-08c0eb32008b,0
1d035961-19d0-11ef-b10b-08c0eb31fffb,2
1d0942ff-75ef-11ea-a214-0050560307be,0
1d2f0d9d-c452-11eb-a0ec-ec0d9a21b021,0
1d498962-43af-11ec-a0ee-ec0d9a21b021,0
1d50097a-0d36-11ef-8861-08c0eb32014b,0
1d6c3fbe-7410-11ee-b10a-08c0eb31fffb,0
1da9239f-a9ab-11eb-85ab-1c34dae33151,0
1df990e4-ba99-11ee-b973-08c0eb32008b,0
1e07788d-cfe5-11ee-b973-08c0eb32008b,3
1e1b154c-0147-11ee-b10a-08c0eb31fffb,0
1e2c354c-50ea-11ef-b973-08c0eb32008b,2
1e407455-d8be-11eb-85ac-1c34dae33151,0
1e6ff7ef-20f4-11f0-aa25-be3af2b6059f,1
1e794ec9-2725-11ef-ae7a-08c0eb320147,0
1e7cc9c3-9839-11ef-ae7a-08c0eb320147,0
1e815317-4087-11ec-a0ee-ec0d9a21b021,0
1e97b3ad-77b9-11ec-ae6d-08c0eb320147,0
1e9b0552-75e7-11ea-95b9-0050560306e1,0
1e9e8c55-7bf2-11ef-b973-08c0eb32008b,1
1ea7309f-50a7-11ef-b10b-08c0eb31fffb,0
1eeb2089-d7ba-11ed-b970-08c0eb32008b,0
1f055c28-ada3-11ef-b973-08c0eb32008b,0
1f255ddf-1691-11ef-8861-08c0eb32014b,1
1f62b313-cea5-11ef-9bb0-be3af2b6059f,0
1f7c26f7-5e52-11ec-b0fc-08c0eb31fffb,3
1f7e9900-065c-11f0-a97a-be3af2b6059f,0
1f8839fe-ac7a-11ed-885d-08c0eb32014b,4
1f8f7466-c264-11ed-ae77-08c0eb320147,0
1fa4519a-7534-11ec-b0fc-08c0eb31fffb,0
1fa60713-1cf8-11ea-8d70-0050560306e1,0
1fa60715-1cf8-11ea-8d70-0050560306e1,1
1fa6071a-1cf8-11ea-8d70-0050560306e1,0
1fa6071e-1cf8-11ea-8d70-0050560306e1,0
1fa60723-1cf8-11ea-8d70-0050560306e1,0
1fa60727-1cf8-11ea-8d70-0050560306e1,2
1fa60735-1cf8-11ea-8d70-0050560306e1,1
1fa60737-1cf8-11ea-8d70-0050560306e1,0
1fd08286-43d1-11ec-85ad-1c34dae33151,0
1fefacfa-75ed-11ea-a214-0050560307be,0
203bc1cc-c13c-11ef-a97a-be3af2b6059f,2
20729887-8f70-11ee-b10b-08c0eb31fffb,0
2081f04e-59b7-11ed-ae75-08c0eb320147,0
20880eff-400b-11ee-b10a-08c0eb31fffb,4
20954d24-465e-11ee-b971-08c0eb32008b,0
209ff271-79c5-11ec-ae6d-08c0eb320147,0
20c2fe3c-92b4-11ed-ae77-08c0eb320147,4
20d33b92-03b6-11ef-b10b-08c0eb31fffb,0
20d8a91c-fd90-11ee-b973-08c0eb32008b,0
20fabce6-234a-11ef-b973-08c0eb32008b,0
20fc76c0-acb3-11ef-ae7a-08c0eb320147,0
2103230d-dbdb-11ea-8599-1c34dae33151,0
210b8174-c261-11ed-885d-08c0eb32014b,2
21372924-c265-11ed-ae77-08c0eb320147,2
21474e7b-50ef-11ef-b973-08c0eb32008b,3
21490649-eb84-11ea-8599-1c34dae33151,0
2156f5dd-d48a-11ed-b970-08c0eb32008b,0
216fc5d2-71be-11ed-b96e-08c0eb32008b,0
2171e2a6-bb7a-11ee-8861-08c0eb32014b,0
21825726-4d62-11ee-ae78-08c0eb320147,0
218e01d4-b7c7-11eb-85ab-1c34dae33151,1
2193294c-f322-11ed-b971-08c0eb32008b,4
21966aa5-d9da-11ed-b971-08c0eb32008b,0
21d31dc6-5637-11ef-ae7a-08c0eb320147,0
21e0a51e-8005-11eb-85a3-1c34dae33151,0
21ee0102-f26d-11ee-b973-08c0eb32008b,0
2218d3e0-c91f-11eb-85ac-1c34dae33151,3
222ba73e-74fc-11eb-85a3-1c34dae33151,0
22874164-f3ec-11ed-b971-08c0eb32008b,3
228987ba-35a7-11ec-a0ee-ec0d9a21b021,0
22bb1b54-2c1b-11ec-a0ee-ec0d9a21b021,1
22bf740d-58bb-11f0-aa25-be3af2b6059f,0
22c27260-6f36-11ed-ae75-08c0eb320147,0
22dd9f72-92ad-11ed-885d-08c0eb32014b,0
23754783-9c3b-11ef-b10b-08c0eb31fffb,0
23806749-b536-11ee-ae7a-08c0eb320147,0
238e2a39-50dc-11ef-b973-08c0eb32008b,0
238f04c6-733a-11ee-b10a-08c0eb31fffb,0
239281ef-f405-11ed-b971-08c0eb32008b,0
23959115-066c-11ed-885a-08c0eb32014b,4
23a13432-f943-11ec-b96b-08c0eb32008b,3
23f0caae-3654-11ec-85ad-1c34dae33151,0
23f45624-ea80-11ee-8861-08c0eb32014b,2
24249944-2fed-11ec-a0ee-ec0d9a21b021,3
24650063-3652-11ec-85ad-1c34dae33151,3
24850db1-7e71-11f0-aa25-be3af2b6059f,0
24a08f80-74db-11ea-95b9-0050560306e1,0
24aa10e1-b6c3-11ee-8861-08c0eb32014b,0
24c9b6fc-7467-11ec-8856-08c0eb32014b,4
2504ec34-89c1-11ec-b967-08c0eb32008b,0
252ca852-4ca6-11ee-b10a-08c0eb31fffb,0
2540cfaf-d646-11ee-8861-08c0eb32014b,0
254410fe-771a-11ee-8860-08c0eb32014b,0
2555b933-575d-11ec-a0ee-ec0d9a21b021,0
258bc7fb-19cf-11ef-8861-08c0eb32014b,3
25afc6b0-2fb5-11ef-b10b-08c0eb31fffb,0
25cbf07c-1e9d-11ef-8861-08c0eb32014b,3
25cfa586-c430-11ee-b973-08c0eb32008b,1
25d3e4b4-5092-11ee-885f-08c0eb32014b,4
25dd71cc-abb6-11ed-b970-08c0eb32008b,0
260c7e61-f622-11ec-8859-08c0eb32014b,2
260d6c31-219c-11ef-ae7a-08c0eb320147,4
26165efb-77b8-11ec-ae6d-08c0eb320147,3
2621270a-1cf8-11ea-8d70-0050560306e1,1
2621270d-1cf8-11ea-8d70-0050560306e1,2
2621270f-1cf8-11ea-8d70-0050560306e1,4
26212712-1cf8-11ea-8d70-0050560306e1,0
2621271d-1cf8-11ea-8d70-0050560306e1,0
26212721-1cf8-11ea-8d70-0050560306e1,0
26212726-1cf8-11ea-8d70-0050560306e1,0
26358e6d-8509-11eb-85a3-1c34dae33151,0
266e6ed2-83e8-11f0-aa25-be3af2b6059f,1
26a89159-e2b0-11ee-8861-08c0eb32014b,0
26b504b0-7c8f-11ed-b970-08c0eb32008b,0
26fcbe6d-30aa-11f0-aa3c-be3af2b6059f,4
273e3e0b-0575-11f0-a97a-be3af2b6059f,3
27439881-4e84-11ef-8861-08c0eb32014b,0
275c2bee-8f98-11ef-b973-08c0eb32008b,1
277572c4-a112-11ea-bc7d-0050560306e1,0
27ad3380-21bf-11ef-b10b-08c0eb31fffb,0
27af1915-99ca-11ee-8861-08c0eb32014b,0
2801f6d3-6250-11ec-b967-08c0eb32008b,0
28242ea9-8867-11ee-8861-08c0eb32014b,0
284cdf01-43ad-11ec-a0ee-ec0d9a21b021,4
288665b1-6a12-11eb-85a3-1c34dae33151,3
2893e772-b9d9-11ee-b973-08c0eb32008b,4
28b7a4f1-d7b7-11ed-b970-08c0eb32008b,0
28c1922f-f264-11ee-b973-08c0eb32008b,0
28cac96e-0c64-11eb-8599-1c34dae33151,1
28d987f1-822c-11ee-ae7a-08c0eb320147,1
28f393a0-a8ba-11ef-8861-08c0eb32014b,0
2925a14b-63e7-11ed-b107-08c0eb31fffb,3
29422a25-de92-11ed-ae78-08c0eb320147,0
2949a6d2-4204-11ec-a0ee-ec0d9a21b021,0
297177d7-7c02-11eb-85a3-1c34dae33151,0
29942b3f-58f7-11ec-a0ee-ec0d9a21b021,1
29c4a93e-8003-11eb-85a3-1c34dae33151,0
29cf8c2e-3c9d-11ec-85ad-1c34dae33151,0
29f06f58-a9aa-11eb-85ab-1c34dae33151,1
29f9646f-9225-11eb-85a8-1c34dae33151,0
29f9e40c-03c2-11ef-ae7a-08c0eb320147,0
29fadf00-f7f6-11ee-b10b-08c0eb31fffb,0
29fd0e82-c372-11ef-aa23-be3af2b6059f,0
2a00b727-c45b-11eb-85ac-1c34dae33151,0
2a015582-3135-11ee-885f-08c0eb32014b,0
2a278d4c-6ab0-11ef-b10b-08c0eb31fffb,0
2a4f6fbd-cca9-11ee-8861-08c0eb32014b,2
2a63340c-c26b-11ed-b970-08c0eb32008b,3
2a710be1-4085-11ec-a0ee-ec0d9a21b021,2
2a821189-58f1-11ed-885b-08c0eb32014b,4
2a9fc025-53bf-11ee-b10a-08c0eb31fffb,4
2ad6abd3-b144-11ef-b10b-08c0eb31fffb,3
2aef1b53-e52b-11ee-ae7a-08c0eb320147,2
2af6b8a6-a821-11eb-85a9-1c34dae33151,0
2b03cd5b-18f7-11ef-b10b-08c0eb31fffb,0
2b42be71-accd-11eb-85ab-1c34dae33151,3
2b486db2-fb46-11ef-9bb0-be3af2b6059f,0
2b6a2c2d-3a17-11f0-a5cb-7cc255b74513,0
2b78454c-ed23-11ee-8861-08c0eb32014b,0
2b917333-9c56-11eb-85a9-1c34dae33151,4
2b95f212-609f-11f0-aa3c-be3af2b6059f,0
2bd2fe86-c5f7-11ea-b7de-0050560306e1,0
2bdb78ac-cf1b-11ee-b10b-08c0eb31fffb,0
2be8639a-de35-11ef-a97a-be3af2b6059f,0
2be950a1-4b9e-11ec-85ad-1c34dae33151,0
2bf57586-190a-11f0-aa25-be3af2b6059f,4
2bf641e0-ed05-11ee-8861-08c0eb32014b,0
2c3f725e-1cf8-11ea-8d70-0050560306e1,3
2c3f7271-1cf8-11ea-8d70-0050560306e1,0
2c3f7274-1cf8-11ea-8d70-0050560306e1,2
2c3f7276-1cf8-11ea-8d70-0050560306e1,0
2c3f727c-1cf8-11ea-8d70-0050560306e1,0
2c3f727f-1cf8-11ea-8d70-0050560306e1,1
2c583288-b879-11ef-b10b-08c0eb31fffb,0
2c6b55ea-6c12-11ee-b972-08c0eb32008b,0
2c8608fd-af2d-11eb-85ab-1c34dae33151,0
2c9003ff-f05b-11ef-aa3a-be3af2b6059f,0
2ce93791-58fc-11ed-b96e-08c0eb32008b,0
2d0329f4-23d9-11ed-b106-08c0eb31fffb,1
2d1749b3-af34-11eb-85ab-1c34dae33151,0
2d1e7b09-0280-11ed-b96c-08c0eb32008b,0
2d2a484a-5d23-11ea-a7b3-0050560306e1,0
2d3bf6a5-48b2-11ed-885a-08c0eb32014b,4
2d782cdb-f3de-11ed-b971-08c0eb32008b,4
2d7ee09b-8409-11ec-ae6d-08c0eb320147,0
2d834c81-9ddc-11ef-b973-08c0eb32008b,0
2d920787-8472-11ee-ae7a-08c0eb320147,0
2d9ad4d8-74f4-11eb-85a3-1c34dae33151,1
2dc7a868-669c-11ee-8860-08c0eb32014b,0
2de0ecda-79b7-11f0-a5cb-7cc255b74513,0
2de9e9d2-7bb1-11ed-b107-08c0eb31fffb,2
2e234a76-3d15-11ee-ae78-08c0eb320147,0
2e358e14-50ed-11ef-b973-08c0eb32008b,4
2e36d407-013a-11ee-ae78-08c0eb320147,0
2e3eabfc-4b3a-11ef-b10b-08c0eb31fffb,4
2e537182-43b1-11ec-a0ee-ec0d9a21b021,0
2e800281-d1b1-11ef-aa23-be3af2b6059f,0
2ea2dc4a-9c3d-11ef-b973-08c0eb32008b,0
2eb71e2d-3e36-11ed-b96c-08c0eb32008b,0
2ec10f39-16c3-11f0-9bb2-be3af2b6059f,0
2ed17117-9224-11eb-85a8-1c34dae33151,1
2ef995fd-cf5c-11eb-85ac-1c34dae33151,3
2f2691eb-fdc8-11ec-ae72-08c0eb320147,1
2f334cde-1fa1-11ec-a0ee-ec0d9a21b021,1
2f402d0e-f1b3-11ea-8599-1c34dae33151,0
2f4941bc-8e19-11ea-aff3-0050560306e1,0
2f4c88d3-5037-11f0-9bb2-be3af2b6059f,0
2f596d29-2b3e-11ec-85ad-1c34dae33151,2
2f86c2f2-eba5-11ea-8599-1c34dae33151,0
2f9bb36e-e51f-11ee-b10b-08c0eb31fffb,4
2f9d3745-d4b0-11ee-b10b-08c0eb31fffb,0
2fa8ee21-4e89-11ef-8861-08c0eb32014b,0
2fad6d56-3b56-11ed-ae72-08c0eb320147,0
2fc3cd0b-fe5c-11ee-8861-08c0eb32014b,2
2fd0a71d-5520-11ed-b107-08c0eb31fffb,0
2fd17e2a-d7df-11ea-8599-1c34dae33151,0
30067538-8d3e-11ef-b10b-08c0eb31fffb,0
302b1883-5c0f-11ec-a0ee-ec0d9a21b021,4
303c138f-74d7-11ea-a214-0050560307be,1
305901bb-0f7a-11ee-ae78-08c0eb320147,3
306db1d4-70f5-11ef-8861-08c0eb32014b,0
308c2686-ac7b-11ed-b970-08c0eb32008b,0
30973d7e-70c3-11ed-b107-08c0eb31fffb,0
30a03331-92b8-11ed-ae77-08c0eb320147,0
30a0477e-9c26-11ef-b10b-08c0eb31fffb,0
30af359e-a8a1-11ef-b973-08c0eb32008b,0
30b9c21f-9798-11eb-85a9-1c34dae33151,4
30e61305-6a1e-11eb-85a3-1c34dae33151,0
30f1f78c-2fc5-11ef-ae7a-08c0eb320147,1
311aef29-78cb-11ee-b10a-08c0eb31fffb,0
31240886-0fbe-11eb-8599-1c34dae33151,0
3133b8e4-e5bf-11ee-b973-08c0eb32008b,0
3170ebfb-e09e-11ea-8599-1c34dae33151,0
317a7617-5337-11f0-a97c-be3af2b6059f,1
31a87dd1-6f35-11ed-ae75-08c0eb320147,0
31bd4ad6-61c7-11ee-b10a-08c0eb31fffb,0
31be11da-f445-11ef-aa3a-be3af2b6059f,0
31f29954-9d79-11ee-ae7a-08c0eb320147,0
320c75fa-acac-11ef-ae7a-08c0eb320147,0
3219edb5-f005-11ee-b10b-08c0eb31fffb,0
3222bef1-d0b6-11ee-b973-08c0eb32008b,0
32290586-1369-11ef-ae7a-08c0eb320147,4
323b9adc-800d-11eb-85a3-1c34dae33151,0
3254382b-1cf8-11ea-8d70-0050560306e1,0
32543830-1cf8-11ea-8d70-0050560306e1,0
32543834-1cf8-11ea-8d70-0050560306e1,4
32b0f129-d347-11eb-85ac-1c34dae33151,0
32c40a52-75e9-11ea-a214-0050560307be,0
32d4a2d0-4ac6-11ed-885a-08c0eb32014b,3
32e4410d-74ba-11ea-b94f-0050560306e1,4
32e74daa-2aac-11ec-a0ee-ec0d9a21b021,2
33599803-c996-11ee-b973-08c0eb32008b,0
335cb046-025d-11eb-8599-1c34dae33151,4
336cf4ec-2c74-11ee-b971-08c0eb32008b,0
33bae6f5-7c99-11ef-ae7a-08c0eb320147,0
33c4bf1b-9c3e-11ef-ae7a-08c0eb320147,1
33d0d375-912d-11eb-85a8-1c34dae33151,1
342f4358-219a-11ef-ae7a-08c0eb320147,0
345e6d21-f7fa-11ee-ae7a-08c0eb320147,0
34916feb-600a-11ed-885b-08c0eb32014b,0
34adf009-2e49-11eb-859a-1c34dae33151,2
34f954e1-a29c-11eb-85a9-1c34dae33151,0
34fb95fc-6175-11ec-b0fc-08c0eb31fffb,1
35008e7f-de44-11ea-8599-1c34dae33151,4
350e3cc7-6cb7-11ed-b107-08c0eb31fffb,0
351bc9b6-d30b-11ea-8598-1c34dae33151,2
3523fd28-f832-11ef-aa23-be3af2b6059f,4
3529e39d-9795-11eb-85a9-1c34dae33151,2
354637f8-7c8e-11ed-b970-08c0eb32008b,3
357a1a44-182f-11ef-ae7a-08c0eb320147,0
3585c55a-ac6d-11ed-b109-08c0eb31fffb,0
3589e9a9-1122-11ef-ae7a-08c0eb320147,0
358caa12-8c88-11eb-85a8-1c34dae33151,2
358d2552-6502-11ed-b107-08c0eb31fffb,0
3598e9a4-2f81-11ee-885f-08c0eb32014b,0
35a0317a-111f-11ef-ae7a-08c0eb320147,0
35c4255b-2444-11ed-b96c-08c0eb32008b,0
35c533b2-ecfe-11ee-b10b-08c0eb31fffb,4
35cea7d0-3653-11ec-85ad-1c34dae33151,2
35e59dc5-24d0-11ef-8861-08c0eb32014b,4
35e9ec89-edd1-11ef-a97a-be3af2b6059f,3
35f4a793-a946-11ea-9e08-0050560306e1,0
3606734b-d3cc-11ed-885d-08c0eb32014b,0
363dcaf5-d4c6-11ef-9bb0-be3af2b6059f,4
366e19e5-c270-11ed-ae77-08c0eb320147,4
3690e912-c920-11eb-85ac-1c34dae33151,0
36a5c794-86f6-11ef-b10b-08c0eb31fffb,0
36e3bd1c-cfcc-11ee-b10b-08c0eb31fffb,0
36f6bd05-b53a-11ee-b973-08c0eb32008b,0
3729847a-e3ba-11eb-a0ee-ec0d9a21b021,0
372b4d23-c262-11ed-ae77-08c0eb320147,0
3740e0ca-569e-11ec-a0ee-ec0d9a21b021,4
374a5236-6794-11eb-85a3-1c34dae33151,4
374e0416-d542-11ed-ae77-08c0eb320147,4
376e0232-60cd-11ed-885b-08c0eb32014b,0
379db114-7e74-11f0-9bb2-be3af2b6059f,0
37d8153b-7c04-11eb-85a3-1c34dae33151,0
37ff6cb5-8bd6-11ea-aff3-0050560306e1,0
383b6816-299a-11f0-aa3c-be3af2b6059f,0
38598e59-bd20-11ea-b7de-0050560306e1,1
386a4e45-abb1-11ed-b109-08c0eb31fffb,0
386da043-bd41-11ea-b7de-0050560306e1,0
38931511-5394-11ed-b96e-08c0eb32008b,4
389ca594-6c6b-11f0-aa3c-be3af2b6059f,0
38ab72de-00b5-11ef-b973-08c0eb32008b,0
38ea8447-2fec-11ec-a0ee-ec0d9a21b021,0
38f2042a-9d02-11ef-b973-08c0eb32008b,0
3907e67d-4c65-11f0-aa25-be3af2b6059f,0
3921a2e3-aaf4-11ea-9e08-0050560306e1,0
397b1f13-0a2a-11f0-aa23-be3af2b6059f,0
39974890-c047-11ee-b10b-08c0eb31fffb,2
39a19d6f-3011-11eb-859a-1c34dae33151,0
39c0d2ef-e862-11ee-b10b-08c0eb31fffb,1
39c0e41f-e796-11ee-ae7a-08c0eb320147,0
39c9935d-63e6-11ed-ae75-08c0eb320147,3
3a29a88b-79a5-11ea-a214-0050560307be,3
3a432fc0-49a0-11ea-8a1c-0050560306e1,1
3a4b8898-b952-11eb-85ab-1c34dae33151,0
3a70d7a9-b1f8-11ed-b970-08c0eb32008b,1
3ab7ff5d-0d35-11ef-8861-08c0eb32014b,0
3abd206a-5d2f-11ea-a7b3-0050560306e1,2
3ac82a18-b86d-11ef-b10b-08c0eb31fffb,0
3acde28b-abba-11ed-b970-08c0eb32008b,0
3af23e2c-5d3b-11ea-a7b3-0050560306e1,0
3b0b3716-1387-11eb-8599-1c34dae33151,2
3b80b3e7-4909-11eb-85a3-1c34dae33151,0
3b981f43-9797-11eb-85a9-1c34dae33151,0
3baee2e9-709c-11ed-885b-08c0eb32014b,0
3bc5e128-3640-11ec-85ad-1c34dae33151,3
3bdd1c27-87b9-11ee-8861-08c0eb32014b,0
3be59a82-ea7e-11ee-8861-08c0eb32014b,3
3bf0f603-50aa-11ed-ae75-08c0eb320147,0
3c1607f6-364f-11ec-85ad-1c34dae33151,2
3c6d3dd8-eded-11eb-a0ee-ec0d9a21b021,0
3c773291-b8f5-11ee-b10b-08c0eb31fffb,0
3c856231-8e9c-11ee-b973-08c0eb32008b,0
3c891784-6377-11ee-b971-08c0eb32008b,4
3c8b1a9d-f28b-11ef-a97a-be3af2b6059f,0
3cac006b-3056-11ee-885f-08c0eb32014b,0
3cb6b6b8-9063-11ee-8861-08c0eb32014b,0
3cd46183-9130-11ef-8861-08c0eb32014b,0
3ceb9456-4ccc-11ee-885f-08c0eb32014b,4
3cfa78c9-21ac-11ef-b973-08c0eb32008b,2
3cff8410-63fe-11ed-b96e-08c0eb32008b,1
3d31c582-494a-11ec-a0ee-ec0d9a21b021,0
3d8080f6-3b1b-11ec-85ad-1c34dae33151,2
3d8d01c8-8fb5-11ef-b10b-08c0eb31fffb,0
3d9c74a9-ab32-11ef-8861-08c0eb32014b,1
3dad41ae-c1f3-11eb-85ab-1c34dae33151,0
3db24389-aec9-11ed-b970-08c0eb32008b,1
3dd9a92a-a742-11eb-85a9-1c34dae33151,1
3e12cc98-a7ed-11ef-8861-08c0eb32014b,0
3e185075-8b2e-11ea-aff3-0050560306e1,0
3e48b251-8728-11ef-b10b-08c0eb31fffb,0
3e4b7b64-bdec-11ef-aa3a-be3af2b6059f,0
3e579f25-0733-11ec-a0ee-ec0d9a21b021,2
3e736009-ac72-11ed-b109-08c0eb31fffb,0
3e772455-db1f-11eb-85ad-1c34dae33151,0
3e94ef9b-15a0-11ee-ae78-08c0eb320147,1
3e97a3dc-ed24-11ee-8861-08c0eb32014b,0
3e9f4daa-d30a-11ea-8598-1c34dae33151,3
3ea7f72d-c1f7-11eb-85ab-1c34dae33151,0
3eb766d2-37ed-11ec-85ad-1c34dae33151,2
3eb9850e-50d0-11ef-b10b-08c0eb31fffb,1
3ebef93b-adb3-11ef-b973-08c0eb32008b,4
3ee6e48b-31b6-11ec-a0ee-ec0d9a21b021,2
3efde33c-bc04-11ec-b96b-08c0eb32008b,3
3efec696-cc8e-11ec-8859-08c0eb32014b,0
3f0b4058-92b0-11ed-885d-08c0eb32014b,0
3f1e5502-f303-11ed-885e-08c0eb32014b,1
3f344230-8f74-11ee-ae7a-08c0eb320147,3
3f5f041f-f3f1-11ed-b971-08c0eb32008b,0
3f661980-ae88-11ef-ae7a-08c0eb320147,0
3f6686fb-4e00-11ec-a0ee-ec0d9a21b021,0
3fb572e1-3e37-11ed-b96c-08c0eb32008b,0
3fb862a9-dee9-11ef-a97a-be3af2b6059f,1
3fc4bc11-92b3-11ed-b970-08c0eb32008b,0
3fd2e88c-e68d-11ee-b10b-08c0eb31fffb,0
3ff3d261-63bf-11ef-b973-08c0eb32008b,0
3ff9de53-b62a-11ef-b10b-08c0eb31fffb,2
401bcee0-42d4-11ec-a0ee-ec0d9a21b021,0
404427a5-b7a3-11ef-b10b-08c0eb31fffb,4
40657282-ac76-11ed-ae77-08c0eb320147,0
408cd5ac-abb2-11ed-b109-08c0eb31fffb,4
40a79107-7194-11ed-885b-08c0eb32014b,0
40c6c0f3-ff1e-11ef-a5c9-7cc255b74513,0
40cd1dda-8a9c-11ee-b10b-08c0eb31fffb,0
40edb380-9287-11ee-8861-08c0eb32014b,0
410051a1-e844-11ee-ae7a-08c0eb320147,0
41722ab1-955a-11f0-aa3c-be3af2b6059f,0
41817d3a-7953-11ee-b972-08c0eb32008b,0
418715a2-9796-11eb-85a9-1c34dae33151,0
41b83fe9-4088-11ec-a0ee-ec0d9a21b021,0
41d2e146-7989-11ee-b972-08c0eb32008b,0
41e12331-4ab6-11f0-aa3c-be3af2b6059f,3
41f1631b-272e-11ef-8861-08c0eb32014b,0
41f5c906-1894-11ed-b106-08c0eb31fffb,0
41f9940a-5830-11ec-85ad-1c34dae33151,0
420a8598-9523-11ef-b973-08c0eb32008b,0
42131104-7f4c-11f0-9bb2-be3af2b6059f,0
4269a4b5-912f-11eb-85a8-1c34dae33151,0
427889ad-50e2-11ef-b973-08c0eb32008b,0
4279041f-ac6e-11ed-b109-08c0eb31fffb,2
42f9a8e7-2a6b-11eb-859a-1c34dae33151,0
43049f58-c26d-11ed-b970-08c0eb32008b,0
430b37ba-37ff-11ec-85ad-1c34dae33151,2
4353bd8f-fb4e-11ee-b10b-08c0eb31fffb,0
437609ca-6026-11ed-ae75-08c0eb320147,1
4377c415-3554-11eb-859a-1c34dae33151,0
438b413d-a045-11ef-8861-08c0eb32014b,0
43a74981-d5a6-11eb-85ac-1c34dae33151,0
43c92342-50e6-11ef-b10b-08c0eb31fffb,3
43d2ec99-83ac-11ee-ae7a-08c0eb320147,0
43f549fc-92ab-11ed-885d-08c0eb32014b,0
43f57b67-a75a-11ef-ae7a-08c0eb320147,0
43fe62aa-5f5a-11ed-ae75-08c0eb320147,2
4400181f-50f2-11f0-a97c-be3af2b6059f,0
441180b4-7cd5-11ef-ae7a-08c0eb320147,0
44181c7e-1692-11ef-b10b-08c0eb31fffb,0
442f31f8-aca2-11ef-ae7a-08c0eb320147,0
4431793e-95a7-11ed-b970-08c0eb32008b,0
446a5db0-3197-11f0-aa3c-be3af2b6059f,1
446b09b0-ae85-11ef-ae7a-08c0eb320147,0
4487d677-24a6-11ee-b10a-08c0eb31fffb,0
449f6212-fb47-11ef-9bb0-be3af2b6059f,0
44a6ff69-47fd-11ef-b10b-08c0eb31fffb,0
44d2998c-661b-11f0-aa25-be3af2b6059f,2
44f56dac-4b16-11ee-ae78-08c0eb320147,2
44f8484a-912c-11eb-85a8-1c34dae33151,0
4517dee0-2587-11eb-8599-1c34dae33151,0
452bf433-4096-11ed-885a-08c0eb32014b,0
452fc966-d7e0-11ea-8599-1c34dae33151,0
45821c46-6ab1-11ef-b10b-08c0eb31fffb,0
45d3c014-5e42-11ef-b973-08c0eb32008b,0
45ddf1a2-f580-11ee-8861-08c0eb32014b,0
4627abe5-1fef-11ea-85cc-0050560306e1,4
465ff9f0-32fb-11ef-b10b-08c0eb31fffb,3
468c9186-03c5-11ef-ae7a-08c0eb320147,0
468f57fe-6988-11ed-ae75-08c0eb320147,0
469e9816-63ff-11ed-b96e-08c0eb32008b,0
46b65489-221a-11ee-ae78-08c0eb320147,1
46c9b86a-921a-11eb-85a8-1c34dae33151,0
46d7d3d8-db1d-11eb-85ad-1c34dae33151,0
46f718f4-f3e1-11ed-b971-08c0eb32008b,0
47059bc4-d7af-11ed-b970-08c0eb32008b,0
4713d3f1-c266-11ed-885d-08c0eb32014b,0
4727ca56-fb1e-11ee-b973-08c0eb32008b,3
473c58f3-7f04-11ee-8861-08c0eb32014b,0
47669a52-eaa6-11ee-b973-08c0eb32008b,0
47990644-72b1-11eb-85a3-1c34dae33151,0
47ad213a-ac6f-11ed-b109-08c0eb31fffb,2
47ad6cda-3dfa-11eb-a941-98039bebacf1,3
47c189a2-af2c-11eb-85ab-1c34dae33151,2
47e6a0b3-6775-11ee-b972-08c0eb32008b,1
4816c12b-16bf-11ef-8861-08c0eb32014b,0
48184cee-461b-11ed-885a-08c0eb32014b,3
4838ebf1-da45-11ef-9bb0-be3af2b6059f,0
483cc87d-fea2-11ec-b96c-08c0eb32008b,0
484edbe8-5f2c-11ec-ae6d-08c0eb320147,0
48590fa8-c268-11ed-885d-08c0eb32014b,0
489b6d77-adb2-11ef-b973-08c0eb32008b,0
48a48d59-0b70-11ef-b973-08c0eb32008b,0
48aad35c-ac74-11ed-885d-08c0eb32014b,4
48b1fdce-4dc0-11f0-9bb2-be3af2b6059f,0
48b757e3-29ab-11f0-aa3c-be3af2b6059f,2
48bb4d7a-687a-11f0-a97c-be3af2b6059f,0
48d95998-a181-11ed-ae77-08c0eb320147,0
48dd6e38-710f-11eb-85a3-1c34dae33151,1
48f6d47c-3d0d-11ef-b973-08c0eb32008b,0
48f8c2fb-48f3-11ea-8a1c-0050560306e1,3
49087fa1-099c-11ec-a0ee-ec0d9a21b021,0
49256c39-fe27-11ee-ae7a-08c0eb320147,3
4936d84b-47b3-11ec-85ad-1c34dae33151,2
493c4690-6a32-11ed-b107-08c0eb31fffb,0
493e56c6-70c3-11ed-b107-08c0eb31fffb,0
4978c377-b74c-11ec-ae6e-08c0eb320147,4
4983807f-71bb-11ed-b96e-08c0eb32008b,0
49960cbd-c138-11ef-aa3a-be3af2b6059f,0
49c07d86-f7fd-11ea-8599-1c34dae33151,0
49c1a760-496f-11ed-885a-08c0eb32014b,4
49c9c3a7-5a27-11ef-ae7a-08c0eb320147,3
4a17360b-3137-11ee-885f-08c0eb32014b,3
4a467df6-c4e4-11ea-b7de-0050560306e1,0
4a7a7906-92b1-11ed-885d-08c0eb32014b,0
4aaf8c97-92b4-11ee-8861-08c0eb32014b,0
4ac6ce2f-0574-11f0-a97a-be3af2b6059f,0
4ad8ecd8-c265-11ed-ae77-08c0eb320147,3
4b06888d-53bd-11ee-b10a-08c0eb31fffb,2
4b077183-e48d-11ef-a5c9-7cc255b74513,0
4b0c1cfa-9c33-11ef-b10b-08c0eb31fffb,0
4b384afd-da15-11ee-ae7a-08c0eb320147,0
4b523ebc-9ddc-11ef-8861-08c0eb32014b,4
4b6146e7-9d80-11ee-8861-08c0eb32014b,0
4b7bf15c-7d5d-11ee-b973-08c0eb32008b,0
4b894baf-eaa8-11ee-b973-08c0eb32008b,0
4b958bcb-bc7b-11ef-a97a-be3af2b6059f,0
4bab55b4-f310-11ee-ae7a-08c0eb320147,2
4bad9e8c-a951-11ea-9e08-0050560306e1,2
4bd0b227-50d4-11ef-b10b-08c0eb31fffb,0
4bd7ea90-4edc-11eb-85a3-1c34dae33151,0
4c049298-4095-11ed-b106-08c0eb31fffb,0
4c227e20-5454-11ec-85ad-1c34dae33151,0
4c23ad52-fdb9-11ef-a5c9-7cc255b74513,0
4c244420-d7bc-11ed-b970-08c0eb32008b,0
4c51f70b-42d8-11ec-a0ee-ec0d9a21b021,0
4c53a9cc-299c-11ef-b10b-08c0eb31fffb,0
4ca29605-9e78-11ee-8861-08c0eb32014b,1
4cb0e67f-1a9d-11ea-a231-0050560306e1,4
4cba3098-3cf7-11ee-b10a-08c0eb31fffb,0
4cc56210-75e7-11ea-95b9-0050560306e1,0
4cc5ad8f-9058-11ef-b973-08c0eb32008b,0
4ccf4fd7-7d3f-11ee-ae7a-08c0eb320147,4
4d01e5ea-7d4f-11ee-ae7a-08c0eb320147,0
4d364397-0b16-11ef-b10b-08c0eb31fffb,0
4d3dbe5d-ee47-11ec-ae71-08c0eb320147,3
4d9532ca-250e-11ec-a0ee-ec0d9a21b021,4
4dcdb11b-135e-11ef-ae7a-08c0eb320147,0
4dde0700-a0bf-11ee-b10b-08c0eb31fffb,0
4de45e88-8454-11ee-ae7a-08c0eb320147,3
4e2e9c10-acbe-11ef-b973-08c0eb32008b,3
4e364bbf-49c3-11ea-8a1c-0050560306e1,2
4e521043-9602-11eb-85a9-1c34dae33151,0
4e64bd9b-58f5-11ed-885b-08c0eb32014b,4
4e6c33f7-363e-11ec-85ad-1c34dae33151,0
4e8048ee-ac5f-11ed-b970-08c0eb32008b,0
4ec4952c-e99d-11ed-b971-08c0eb32008b,0
4ec8e640-cf36-11ee-8861-08c0eb32014b,3
4efccddf-9128-11eb-85a8-1c34dae33151,0
4f0eb9f7-f816-11ef-aa23-be3af2b6059f,0
4f30084e-114b-11ef-ae7a-08c0eb320147,0
4f4d2f49-7d19-11ed-b970-08c0eb32008b,0
4f7f65b9-f359-11ee-b973-08c0eb32008b,0
4fa53f54-eb4c-11ed-b971-08c0eb32008b,1
4fa8d3c4-2f8b-11ee-885f-08c0eb32014b,0
4fdeeca7-1384-11eb-8599-1c34dae33151,0
4fe5eca9-7540-11ed-ae75-08c0eb320147,1
4fe5f41b-ec4d-11ee-b973-08c0eb32008b,0
4ffe3b30-8508-11eb-85a3-1c34dae33151,0
5007e0fe-e5e2-11ea-8599-1c34dae33151,0
508a4027-49bc-11ea-8a1c-0050560306e1,0
50b00491-4ec7-11ed-885a-08c0eb32014b,4
50e52f79-ac5d-11ed-885d-08c0eb32014b,0
512a9602-0a20-11eb-8599-1c34dae33151,0
513bef0e-f4c1-11ed-885e-08c0eb32014b,4
514e5d1c-611c-11ee-885f-08c0eb32014b,1
516d674c-95b8-11ee-b973-08c0eb32008b,4
517134cf-aeef-11ee-8861-08c0eb32014b,0
51895630-e134-11ee-b10b-08c0eb31fffb,0
51da1eb9-449a-11ed-b96c-08c0eb32008b,0
51da2dbb-de43-11ea-8599-1c34dae33151,0
5220b612-e3bb-11eb-a0ee-ec0d9a21b021,4
522ec083-7107-11eb-85a3-1c34dae33151,0
528be934-190c-11eb-8599-1c34dae33151,2
52b6369b-63a3-11ef-b10b-08c0eb31fffb,0
52c143e9-8ca0-11eb-85a8-1c34dae33151,0
52d590a2-f5dc-11ef-aa23-be3af2b6059f,4
532747ec-46ab-11f0-a97c-be3af2b6059f,1
533c04e2-9b9c-11ec-b0fc-08c0eb31fffb,3
5341887e-25b8-11eb-8599-1c34dae33151,0
5353d994-364d-11ec-85ad-1c34dae33151,0
536a801b-6cf1-11ee-b10a-08c0eb31fffb,3
537b257c-eb8e-11ea-8599-1c34dae33151,3
538a04c2-8a98-11ec-b967-08c0eb32008b,0
538ae54f-3b1a-11ec-85ad-1c34dae33151,2
53ca7301-763d-11ed-b107-08c0eb31fffb,0
53d920e7-77b7-11ec-ae6d-08c0eb320147,0
53d9e9c4-1fef-11ea-85cc-0050560306e1,0
53e78f69-927e-11ee-ae7a-08c0eb320147,2
53f85fb7-d56a-11ee-b973-08c0eb32008b,0
54005539-dac1-11ee-ae7a-08c0eb320147,0
54179d61-5f5b-11ed-ae75-08c0eb320147,0
5431b5cb-97fa-11ee-b973-08c0eb32008b,3
5478d1bf-1c14-11ef-8861-08c0eb32014b,2
54d63643-ae1f-11ef-ae7a-08c0eb320147,4
54d89415-4d42-11ec-a0ee-ec0d9a21b021,0
55215cee-a818-11eb-85a9-1c34dae33151,1
55333896-a29b-11eb-85a9-1c34dae33151,3
5537332e-4753-11ee-ae78-08c0eb320147,0
553b52b6-1974-11ee-ae78-08c0eb320147,0
5542654c-b343-11eb-85ab-1c34dae33151,3
55585b02-4d9d-11ef-b10b-08c0eb31fffb,1
55843137-8fd9-11ec-ae6d-08c0eb320147,0
55859089-5e3e-11ef-8861-08c0eb32014b,1
55909245-7d18-11ed-ae77-08c0eb320147,3
55a8191f-6760-11ee-b10a-08c0eb31fffb,0
55aa1893-5b84-11ed-ae75-08c0eb320147,0
55af09e5-24b9-11ef-8861-08c0eb32014b,3
55c8d0de-30d6-11eb-859a-1c34dae33151,0
55e56a40-7d1c-11ed-b970-08c0eb32008b,2
5602d6f9-50e9-11ef-b10b-08c0eb31fffb,1
5606f4d3-82c8-11ec-b0fc-08c0eb31fffb,0
560c39d5-b6f3-11eb-85ab-1c34dae33151,4
56210021-ec5e-11ee-b10b-08c0eb31fffb,4
562c822f-31b0-11ec-a0ee-ec0d9a21b021,2
563c9b88-78cc-11ee-8860-08c0eb32014b,4
5668bd0a-5b9e-11ee-b10a-08c0eb31fffb,0
567f351a-7c0d-11eb-85a3-1c34dae33151,0
56b18943-5512-11ed-ae75-08c0eb320147,0
56c4590d-2ff0-11ec-a0ee-ec0d9a21b021,0
56d24ff1-c682-11ee-b10b-08c0eb31fffb,0
56de1ba1-bf7a-11ee-b973-08c0eb32008b,2
56e1860f-1761-11ef-b973-08c0eb32008b,0
570cadce-8a43-11f0-a97c-be3af2b6059f,0
5741b56a-661d-11f0-aa25-be3af2b6059f,0
574c1bfd-d7b3-11ed-b970-08c0eb32008b,0
5771bb5b-d305-11ea-8598-1c34dae33151,0
5772e552-4611-11f0-aa3c-be3af2b6059f,4
5773c32b-7f46-11ec-ae6d-08c0eb320147,0
578ccf0b-d23c-11ed-885d-08c0eb32014b,0
5791ede1-3c10-11ee-885f-08c0eb32014b,0
57a87c73-822d-11ee-ae7a-08c0eb320147,2
57aacc6a-31bf-11ec-a0ee-ec0d9a21b021,0
57b5af2b-c91c-11eb-85ac-1c34dae33151,0
57b868bd-d711-11ee-b10b-08c0eb31fffb,0
57bb5c2d-8d02-11ee-ae7a-08c0eb320147,2
57c16fc7-7ce5-11ec-8856-08c0eb32014b,0
57c4006d-8e72-11ec-8856-08c0eb32014b,3
57e02777-e21f-11ee-b10b-08c0eb31fffb,0
583c813e-ac77-11ed-ae77-08c0eb320147,1
5847279a-9070-11ef-8861-08c0eb32014b,0
587b69e0-6ccc-11ee-8860-08c0eb32014b,2
588ab320-3339-11ed-b96c-08c0eb32008b,4
58983dc0-91fc-11ef-8861-08c0eb32014b,3
589ea3c9-8822-11ec-ae6d-08c0eb320147,0
58a6ced9-eeeb-11ef-aa23-be3af2b6059f,3
58ac157d-6ab3-11ef-b10b-08c0eb31fffb,2
58b18dd9-a0c0-11ee-b10b-08c0eb31fffb,0
58b38c67-edb8-11ee-b973-08c0eb32008b,3
58bffe0a-bc05-11ec-b96b-08c0eb32008b,2
58cdd1f7-6ab2-11ef-b10b-08c0eb31fffb,0
58d97fba-093b-11eb-8599-1c34dae33151,0
58ee915e-71f4-11f0-aa25-be3af2b6059f,0
58fac4ca-7d1f-11ed-b970-08c0eb32008b,1
591f946e-a3f0-11ee-b973-08c0eb32008b,0
594a6f4b-30d8-11eb-859a-1c34dae33151,0
5978dd90-f3e4-11ed-ae78-08c0eb320147,4
5989098b-a28f-11eb-85a9-1c34dae33151,4
59c7835d-42d7-11ec-a0ee-ec0d9a21b021,0
59dcbf0d-600c-11ed-885b-08c0eb32014b,0
5a2d62c8-8ae4-11ee-8861-08c0eb32014b,0
5a5d9f46-7cd6-11ef-ae7a-08c0eb320147,0
5a707463-3b17-11ec-85ad-1c34dae33151,0
5a7743e6-95f7-11eb-85a9-1c34dae33151,0
5ac7dbb3-06e5-11ee-b10a-08c0eb31fffb,0
5b0461c1-8544-11ee-b10b-08c0eb31fffb,2
5b317a65-cf32-11ee-b973-08c0eb32008b,1
5b4237ef-921d-11eb-85a8-1c34dae33151,2
5b78e670-5c0e-11ec-a0ee-ec0d9a21b021,0
5b820a1b-147a-11f0-aa3c-be3af2b6059f,0
5b8ad594-b94f-11eb-85ab-1c34dae33151,4
5b99869c-7d19-11ed-b970-08c0eb32008b,0
5b9d784f-dc8b-11ee-ae7a-08c0eb320147,4
5bb410e1-c110-11ef-9bb0-be3af2b6059f,4
5c064369-71c1-11ed-ae75-08c0eb320147,1
5c401c41-c179-11ec-b96b-08c0eb32008b,0
5c416589-dbda-11ea-8599-1c34dae33151,0
5c47583c-70c1-11ed-b107-08c0eb31fffb,0
5c47752d-d5a3-11eb-85ac-1c34dae33151,0
5c73bcf4-6daa-11ee-ae79-08c0eb320147,4
5c9374fd-ac7a-11ed-885d-08c0eb32014b,0
5cadd633-a671-11ef-b973-08c0eb32008b,2
5cb5d187-25da-11ec-a0ee-ec0d9a21b021,1
5cd4f2de-74e8-11ea-95b9-0050560306e1,0
5ce8aa23-8d0e-11ee-8861-08c0eb32014b,0
5cf8bf5f-2413-11ef-ae7a-08c0eb320147,2
5cf93ebc-d814-11ea-8599-1c34dae33151,0
5cfb3155-0b68-11ef-ae7a-08c0eb320147,0
5d16104b-58f9-11ed-b96e-08c0eb32008b,4
5d16a03b-38fc-11ed-885a-08c0eb32014b,0
5d1b77fb-f585-11ee-ae7a-08c0eb320147,1
5d52e4f7-75eb-11ea-a214-0050560307be,3
5d625807-9c57-11eb-85a9-1c34dae33151,0
5d721c5a-793e-11f0-9bb2-be3af2b6059f,0
5ddba6ec-f35d-11ee-b10b-08c0eb31fffb,0
5de97671-50db-11ef-b973-08c0eb32008b,1
5df57c9e-2e3c-11eb-859a-1c34dae33151,4
5df9ac80-c270-11ed-ae77-08c0eb320147,3
5e0b1853-5374-11ec-a0ee-ec0d9a21b021,0
5e0d9885-f64e-11ed-b971-08c0eb32008b,0
5e182673-023e-11ef-b973-08c0eb32008b,0
5e66197e-70c7-11ed-b107-08c0eb31fffb,4
5e9996b2-f3df-11ed-ae78-08c0eb320147,0
5ea5e72a-cfe4-11ea-b7de-0050560306e1,0
5eead23a-74f5-11eb-85a3-1c34dae33151,0
5eec5d61-7e6b-11ec-b967-08c0eb32008b,1
5ef5fc49-0875-11ef-b973-08c0eb32008b,0
5f34c135-f3f5-11ed-b971-08c0eb32008b,0
5f4428c0-98c6-11ec-8856-08c0eb32014b,0
5f797b2d-fdaf-11ee-b10b-08c0eb31fffb,0
5f7985e2-db1e-11eb-85ad-1c34dae33151,0
5faba5e8-0f42-11ed-885a-08c0eb32014b,0
5fc3c440-92ad-11ed-885d-08c0eb32014b,0
5fe9a11c-97a8-11ef-ae7a-08c0eb320147,0
6006dd8e-0e1c-11f0-a5cb-7cc255b74513,1
6041bf64-eba4-11ea-8599-1c34dae33151,2
605f9db7-6a33-11ed-b107-08c0eb31fffb,4
6067dc12-c1fc-11eb-85ab-1c34dae33151,0
60704ee3-7888-11ee-ae79-08c0eb320147,0
611248a1-cf10-11ee-8861-08c0eb32014b,2
61289873-e3b5-11ef-a97a-be3af2b6059f,0
61305b22-92b4-11ed-ae77-08c0eb320147,0
6139ad95-c4ef-11ee-8861-08c0eb32014b,2
614450a8-abb5-11ed-b109-08c0eb31fffb,1
615cecd2-87bd-11eb-85a3-1c34dae33151,4
6169af60-5513-11ed-ae75-08c0eb320147,0
6184edeb-7d1b-11ed-b970-08c0eb32008b,2
61b2588a-8e1a-11ea-aff3-0050560306e1,1
61c7bc19-f3da-11ed-ae78-08c0eb320147,0
61ca46b0-90e0-11ed-ae77-08c0eb320147,0
61fbf4f1-1fa3-11ec-a0ee-ec0d9a21b021,0
620af6f2-1c04-11ee-885e-08c0eb32014b,0
62184a07-a02d-11ef-b10b-08c0eb31fffb,3
62185b9d-2aa7-11ec-a0ee-ec0d9a21b021,3
622d3e40-c1f5-11ef-a97a-be3af2b6059f,0
6248bf12-7c01-11eb-85a3-1c34dae33151,2
62e88704-d3c8-11ed-b109-08c0eb31fffb,0
62f1ce48-9127-11eb-85a8-1c34dae33151,0
63010dd0-ade2-11eb-85ab-1c34dae33151,0
633303a8-ce87-11eb-85ac-1c34dae33151,1
6356ea3d-75e6-11ea-95b9-0050560306e1,0
635e1e37-8c07-11eb-85a8-1c34dae33151,0
636d6871-37f2-11ec-85ad-1c34dae33151,0
64089fad-b9e4-11ee-b973-08c0eb32008b,2
64169298-3013-11eb-859a-1c34dae33151,0
646e6645-eeb1-11ef-aa23-be3af2b6059f,4
6475fde0-d83a-11ed-ae77-08c0eb320147,0
647ef56a-d30b-11ea-8598-1c34dae33151,0
647f3e74-8ae3-11ef-b973-08c0eb32008b,0
64827e55-f7f4-11ee-b10b-08c0eb31fffb,0
64a2738d-688e-11ec-ae6d-08c0eb320147,2
64a98cf6-bd32-11eb-85ab-1c34dae33151,3
64c37beb-8afe-11ea-aff3-0050560306e1,0
64d4a669-20f2-11ec-a0ee-ec0d9a21b021,4
64e754eb-37fe-11ec-85ad-1c34dae33151,1
652966be-921f-11eb-85a8-1c34dae33151,0
652a2244-13d0-11ed-ae72-08c0eb320147,4
655c03ee-d0c7-11ee-8861-08c0eb32014b,0
65800db2-0328-11f0-aa3a-be3af2b6059f,4
65cf417d-2c91-11ef-ae7a-08c0eb320147,0
65d37d60-06e6-11ee-885e-08c0eb32014b,4
65e7fb07-1f31-11ef-b973-08c0eb32008b,4
660ce415-5511-11ed-ae75-08c0eb320147,4
6614bb0f-8dd3-11ee-b973-08c0eb32008b,2
662aaf41-abbb-11ed-b970-08c0eb32008b,4
66c31b4d-d571-11ee-b973-08c0eb32008b,0
66dfa223-ac73-11ed-885d-08c0eb32014b,0
6721424e-bd34-11ea-b7de-0050560306e1,2
672cbc33-240c-11eb-8599-1c34dae33151,1
67424a70-bd35-11ef-aa3a-be3af2b6059f,1
67540719-e207-11ee-b10b-08c0eb31fffb,4
676439bb-50e7-11ef-b10b-08c0eb31fffb,0
67643cc9-709e-11ed-885b-08c0eb32014b,0
676733d2-92a9-11ed-b109-08c0eb31fffb,0
67d8c95d-2286-11ef-b10b-08c0eb31fffb,0
67ddf402-9c39-11ef-b10b-08c0eb31fffb,0
67eb053f-9927-11eb-85a9-1c34dae33151,0
67fd260b-429d-11ee-885f-08c0eb32014b,0
67ff6050-6194-11ec-8856-08c0eb32014b,0
6807a05b-b6f4-11eb-85ab-1c34dae33151,0
684378ac-5bde-11ef-8861-08c0eb32014b,2
688696f9-a418-11eb-85a9-1c34dae33151,3
68c1f482-c1fa-11eb-85ab-1c34dae33151,3
68edee3c-3d34-11f0-aa25-be3af2b6059f,0
68fff50b-2cbe-11ec-a0ee-ec0d9a21b021,0
690569f3-4356-11ee-ae78-08c0eb320147,0
69262bf4-826a-11eb-85a3-1c34dae33151,0
69532d75-184e-11ef-ae7a-08c0eb320147,0
69989c5c-435d-11ee-ae78-08c0eb320147,3
6999fc3a-92b9-11ed-ae77-08c0eb320147,0
69a04eec-f294-11ee-b10b-08c0eb31fffb,2
69b095dc-6d2b-11f0-aa3c-be3af2b6059f,1
69b1aaa2-21af-11ef-b973-08c0eb32008b,3
69b60d5a-6c6b-11eb-85a3-1c34dae33151,0
69cf477d-85df-11ec-b967-08c0eb32008b,0
69dc5b08-b09b-11ef-b10b-08c0eb31fffb,3
69f790d8-bd38-11eb-85ab-1c34dae33151,0
6a07ee78-01aa-11ec-a0ee-ec0d9a21b021,0
6a0ae336-52ef-11ee-b971-08c0eb32008b,0
6a1723fe-5b16-11ef-8861-08c0eb32014b,3
6a1c5bb1-b6cf-11ee-ae7a-08c0eb320147,3
6a2823a8-ed08-11ee-8861-08c0eb32014b,2
6a2d0493-0a21-11eb-8599-1c34dae33151,2
6a482386-a598-11ef-ae7a-08c0eb320147,0
6a53a2f1-f3e6-11ed-ae78-08c0eb320147,2
6a78d831-effd-11ed-885e-08c0eb32014b,2
6ac06982-3d77-11ed-885a-08c0eb32014b,4
6ac6a429-abb1-11ed-b109-08c0eb31fffb,0
6acbb93c-ab44-11ef-b973-08c0eb32008b,0
6ae999ea-9450-11ee-b10b-08c0eb31fffb,0
6b58065f-5e7d-11ed-b96e-08c0eb32008b,0
6b613f0a-6bb8-11f0-a5cb-7cc255b74513,0
6ba6faba-caae-11eb-85ac-1c34dae33151,2
6ba92a46-2e3a-11eb-859a-1c34dae33151,0
6bbe30f2-5c09-11ec-a0ee-ec0d9a21b021,4
6bdbc011-1144-11f0-a5cb-7cc255b74513,2
6bf04550-be04-11eb-85ab-1c34dae33151,0
6c2eb130-75e4-11ea-95b9-0050560306e1,0
6c4324d9-58f6-11ed-885b-08c0eb32014b,0
6c43fe72-2fee-11ec-a0ee-ec0d9a21b021,0
6c546afa-4d4a-11ec-a0ee-ec0d9a21b021,0
6c6807b1-50ec-11ef-b973-08c0eb32008b,3
6c683296-21d6-11f0-aa3c-be3af2b6059f,0
6c9481dd-552a-11ed-b96e-08c0eb32008b,1
6d01060a-6125-11ee-b10a-08c0eb31fffb,3
6d318fd6-ea75-11e9-bca5-005056030656,0
6d31f852-e3a3-11ef-a97a-be3af2b6059f,0
6d40d6ef-6ec2-11ef-ae7a-08c0eb320147,0
6d4b1227-8f52-11ee-b973-08c0eb32008b,0
6d5ea37a-2b98-11ee-ae78-08c0eb320147,3
6d8df5c1-fb58-11ee-8861-08c0eb32014b,3
6d98b8fa-818e-11ef-b10b-08c0eb31fffb,0
6dae6a04-7533-11ec-8856-08c0eb32014b,0
6db2eb43-0c64-11eb-8599-1c34dae33151,3
6dbab20e-7cbe-11ef-ae7a-08c0eb320147,1
6dcecab8-d97c-11ef-aa23-be3af2b6059f,1
6dd63ed7-8bd4-11ea-aff3-0050560306e1,2
6df0ab0e-1123-11ef-ae7a-08c0eb320147,3
6e0edee3-fc1e-11eb-a0ee-ec0d9a21b021,3
6e1a9743-4607-11ec-85ad-1c34dae33151,3
6e3cb955-8c9e-11eb-85a8-1c34dae33151,0
6e536697-59b3-11ec-a0ee-ec0d9a21b021,0
6e555205-92ac-11ed-885d-08c0eb32014b,0
6e7211e6-9792-11eb-85a9-1c34dae33151,0
6e7e3a9b-c412-11ee-b973-08c0eb32008b,1
6e95f522-69c2-11ee-8860-08c0eb32014b,0
6ebe6f03-9dd9-11ef-8861-08c0eb32014b,3
6ee19ea1-4edd-11eb-85a3-1c34dae33151,0
6ef4da7a-0b0c-11f0-a97c-be3af2b6059f,0
6f0b8616-9d13-11eb-85a9-1c34dae33151,1
6f2414a9-850c-11ed-885d-08c0eb32014b,0
6f253ebe-be03-11eb-85ab-1c34dae33151,3
6f4a672f-cf5d-11ee-8861-08c0eb32014b,2
6f9be14b-fb48-11ef-9bb0-be3af2b6059f,1
6fc49158-1e99-11ef-8861-08c0eb32014b,0
6fc90933-4636-11ec-85ad-1c34dae33151,0
6fe1478a-7098-11ed-b107-08c0eb31fffb,4
7000d6ea-ec54-11ee-b10b-08c0eb31fffb,0
700ac988-50e1-11ef-b973-08c0eb32008b,2
7024d527-51c3-11ec-a0ee-ec0d9a21b021,1
70279657-4629-11ec-a0ee-ec0d9a21b021,0
703ab2eb-c269-11ed-b970-08c0eb32008b,0
70456a6c-edb5-11ee-b10b-08c0eb31fffb,2
707d2253-eab6-11ee-b973-08c0eb32008b,2
708b888b-624f-11ec-b967-08c0eb32008b,0
708e1769-33be-11ea-a07d-0050560306e1,0
70a9e208-3202-11ee-b10a-08c0eb31fffb,0
70cdaebd-abb9-11ed-b970-08c0eb32008b,1
71115d75-71bd-11ed-b96e-08c0eb32008b,0
7112b433-7195-11ed-885b-08c0eb32014b,3
71190984-4b9f-11ec-85ad-1c34dae33151,0
713bf651-80bc-11ef-b973-08c0eb32008b,3
717cb914-c263-11ed-ae77-08c0eb320147,0
7188c8ca-8f72-11ee-ae7a-08c0eb320147,0
718b50ba-e979-11ed-885e-08c0eb32014b,0
7190404c-f25d-11ee-b973-08c0eb32008b,1
71a3c6ee-1120-11ef-ae7a-08c0eb320147,4
71a72c94-b458-11ee-b10b-08c0eb31fffb,1
71ad29ca-7114-11f0-9bb2-be3af2b6059f,3
71c8f2df-f3de-11ed-ae78-08c0eb320147,2
71d11a91-6400-11ed-b96e-08c0eb32008b,0
7214ea6e-f1ca-11ea-8599-1c34dae33151,0
7248dddf-0f7a-11ee-ae78-08c0eb320147,1
726d0456-9d03-11ef-b973-08c0eb32008b,0
7273f6f3-bb6d-11ee-b973-08c0eb32008b,0
7282a7ab-50d3-11ef-b10b-08c0eb31fffb,4
72a66eef-98f0-11ea-bc7d-0050560306e1,1
72e26d2e-7fe1-11ef-b973-08c0eb32008b,0
72e5e321-50d2-11ef-b10b-08c0eb31fffb,0
72e787b6-a0d6-11ef-ae7a-08c0eb320147,0
73647393-4edb-11eb-85a3-1c34dae33151,0
73768788-f3ee-11ed-b971-08c0eb32008b,0
7384ab19-a7c1-11ed-b970-08c0eb32008b,0
7389cb2b-a946-11ea-9e08-0050560306e1,0
73954175-9a59-11ee-b973-08c0eb32008b,2
739ce1d2-3828-11ee-885f-08c0eb32014b,0
73a1677f-539c-11ed-ae75-08c0eb320147,0
73c95b0a-333a-11ed-b96c-08c0eb32008b,0
73e7a8b0-9520-11ef-b973-08c0eb32008b,0
73eb03c3-d839-11ed-ae77-08c0eb320147,0
73f50131-82f9-11ee-b10b-08c0eb31fffb,0
73fe44e4-ac76-11ed-ae77-08c0eb320147,3
7410a1b0-f3f4-11ed-b971-08c0eb32008b,1
742423db-fc1c-11eb-a0ee-ec0d9a21b021,0
742729aa-ec79-11ec-8859-08c0eb32014b,3
74442929-594e-11ee-b971-08c0eb32008b,0
744aac39-58f6-11ec-a0ee-ec0d9a21b021,1
7465be4c-788a-11ee-ae79-08c0eb320147,1
74c81173-3acf-11f0-aa25-be3af2b6059f,3
74cf76ce-33d1-11eb-859a-1c34dae33151,0
74dcfb4a-d7bb-11ed-b970-08c0eb32008b,1
74e9c8e1-862f-11ef-b10b-08c0eb31fffb,0
75456f54-2ec0-11ed-ae72-08c0eb320147,0
7547e9aa-5984-11eb-85a3-1c34dae33151,1
7549304e-92af-11ed-b970-08c0eb32008b,0
7570517d-c26f-11ed-ae77-08c0eb320147,1
75746ac9-3894-11eb-859a-1c34dae33151,0
75ac6c81-8bd6-11ea-aff3-0050560306e1,0
75b9920d-4086-11ec-a0ee-ec0d9a21b021,3
75ba30bf-0f6f-11ee-885e-08c0eb32014b,4
75c3b21e-7ed9-11ee-ae7a-08c0eb320147,3
75caa9fa-63c6-11f0-aa25-be3af2b6059f,0
75ffa80a-50e5-11ef-b10b-08c0eb31fffb,0
76072818-3fff-11ee-885f-08c0eb32014b,1
760dab76-1068-11f0-aa25-be3af2b6059f,0
7645eb60-f3e0-11ed-885e-08c0eb32014b,3
7649422b-eba5-11ea-8599-1c34dae33151,0
7659bad0-7d51-11ee-ae7a-08c0eb320147,1
767a23ae-7a13-11ec-b0fc-08c0eb31fffb,0
7685373c-7d20-11ed-b970-08c0eb32008b,0
76944a5f-4e86-11ef-8861-08c0eb32014b,4
76a9e08f-6176-11ec-b0fc-08c0eb31fffb,1
76dcf7bd-645e-11ee-8860-08c0eb32014b,0
76f54f0c-c236-11ec-ae71-08c0eb320147,0
7723c86e-d7b1-11ed-b970-08c0eb32008b,2
77369d1a-31bd-11ec-a0ee-ec0d9a21b021,0
7748900d-92b5-11ed-ae77-08c0eb320147,0
7781f81f-7c00-11eb-85a3-1c34dae33151,1
77b62a0a-d3f3-11ef-a97a-be3af2b6059f,0
77bfa9b8-1b18-11ee-b10a-08c0eb31fffb,0
77c8c6bf-5b8f-11ed-885b-08c0eb32014b,0
78280bf4-8c10-11eb-85a8-1c34dae33151,0
782f6a24-d0ca-11ee-8861-08c0eb32014b,2
7860d9c7-175d-11ef-b973-08c0eb32008b,0
78962b62-569b-11ec-a0ee-ec0d9a21b021,1
78f8935e-3759-11ee-b10a-08c0eb31fffb,0
78fad88a-04a2-11ef-8861-08c0eb32014b,0
790dc5e7-92b8-11ed-ae77-08c0eb320147,4
791e7379-50ee-11ef-b973-08c0eb32008b,0
793a851b-8722-11f0-aa25-be3af2b6059f,1
795bb6dc-77b1-11ed-b107-08c0eb31fffb,3
7964549c-ef77-11ef-a5c9-7cc255b74513,0
79809f05-e867-11ef-aa3a-be3af2b6059f,0
79934ae3-e082-11ee-b973-08c0eb32008b,1
79a4628a-92b7-11ed-ae77-08c0eb320147,2
79a78a71-39af-11ed-b96c-08c0eb32008b,2
79bdee9d-acc9-11eb-85ab-1c34dae33151,0
79cbaccb-820b-11ed-885d-08c0eb32014b,0
79e54552-e09e-11ea-8599-1c34dae33151,4
7a04fe35-21b4-11ef-8861-08c0eb32014b,0
7a1b5a15-ed25-11ee-b10b-08c0eb31fffb,0
7a4d534b-5983-11eb-85a3-1c34dae33151,4
7a57f358-d7b6-11ed-b970-08c0eb32008b,0
7a67c05b-f389-11eb-a0ee-ec0d9a21b021,0
7a891b05-7307-11ee-ae79-08c0eb320147,0
7a903f1e-cb39-11ee-b973-08c0eb32008b,4
7ac063c4-3cac-11ec-85ad-1c34dae33151,0
7ad50d37-03db-11f0-a97a-be3af2b6059f,0
7aea150f-e789-11ee-b973-08c0eb32008b,0
7aed17fe-bab2-11ee-b973-08c0eb32008b,0
7afba4e2-43b0-11ec-a0ee-ec0d9a21b021,0
7b02b186-1cf6-11ea-8d70-0050560306e1,2
7b0e093e-7535-11ed-885b-08c0eb32014b,0
7b0ec95f-2e38-11ef-b973-08c0eb32008b,0
7b7a708c-772d-11ee-8860-08c0eb32014b,4
7b88ffdf-066a-11ed-885a-08c0eb32014b,3
7bcb392e-5be7-11ef-b10b-08c0eb31fffb,0
7be1753e-b686-11ed-ae77-08c0eb320147,0
7bf245fa-585d-11ee-b971-08c0eb32008b,0
7c158188-0c48-11ef-b973-08c0eb32008b,3
7c285447-9a53-11ec-ae6d-08c0eb320147,2
7c3b2812-05f3-11ee-ae78-08c0eb320147,1
7c593170-8261-11ec-b0fc-08c0eb31fffb,0
7c6bc06a-f819-11ee-ae7a-08c0eb320147,0
7c75245a-66f8-11ec-b967-08c0eb32008b,2
7c82f491-70c3-11ed-885b-08c0eb32014b,0
7c92da73-af2d-11ea-b969-0050560306e1,1
7ca3e95c-52a4-11ec-85ad-1c34dae33151,3
7cb35637-6cb8-11ed-b107-08c0eb31fffb,1
7cba79fd-a281-11ef-8861-08c0eb32014b,0
7cc79422-462a-11ec-a0ee-ec0d9a21b021,2
7cdc3bfc-5f2b-11ec-ae6d-08c0eb320147,0
7ce10e91-ec33-11ea-8599-1c34dae33151,4
7cf371e4-2204-11ed-b96c-08c0eb32008b,3
7d001600-1ac4-11ec-85ad-1c34dae33151,0
7d163c3e-df7e-11ee-b10b-08c0eb31fffb,0
7d1effab-7d34-11ec-ae6d-08c0eb320147,0
7d5640e7-b173-11ea-b969-0050560306e1,0
7d5ca842-7ad2-11eb-85a3-1c34dae33151,0
7d5ed627-92a8-11ed-b109-08c0eb31fffb,0
7d6a2d8b-7777-11eb-85a3-1c34dae33151,2
7d6aafad-b7d1-11eb-85ab-1c34dae33151,0
7d9e1bf1-e541-11ef-a97a-be3af2b6059f,4
7db3a732-d7a0-11ee-b973-08c0eb32008b,0
7e44e7d4-ecc3-11ec-ae71-08c0eb320147,0
7e9e5231-a1cd-11ef-b973-08c0eb32008b,2
7ec60027-e084-11ee-b973-08c0eb32008b,0
7ecdeb48-71be-11ed-b96e-08c0eb32008b,0
7ed4cef2-1f32-11ef-b973-08c0eb32008b,0
7f13af88-4ac7-11ed-885a-08c0eb32014b,0
7f60f288-3a0d-11f0-9bb2-be3af2b6059f,0
7f74a07c-124f-11ec-a0ee-ec0d9a21b021,1
7f8d8b8d-4ccd-11ee-885f-08c0eb32014b,0
7f9c2e4a-6e84-11ee-8860-08c0eb32014b,4
7fde31f7-ac70-11ed-885d-08c0eb32014b,4
7fef0122-f597-11ee-8861-08c0eb32014b,1
800ca8e8-009b-11ef-ae7a-08c0eb320147,0
80b8e136-5e41-11ef-b973-08c0eb32008b,0
80e50326-4f83-11ed-ae72-08c0eb320147,0
80e58b0c-5e3d-11ef-ae7a-08c0eb320147,1
8116201a-7e75-11f0-9bb2-be3af2b6059f,3
81432626-4dc1-11f0-9bb2-be3af2b6059f,4
8168f0e4-ca3f-11ee-b10b-08c0eb31fffb,0
8175952b-e1e7-11ee-b10b-08c0eb31fffb,0
819263e0-9615-11eb-85a9-1c34dae33151,4
81a47980-87c3-11eb-85a3-1c34dae33151,3
81a8affd-b95e-11ef-9bb0-be3af2b6059f,2
81be7c6b-1ab4-11eb-8599-1c34dae33151,0
81fc23f8-c1fb-11eb-85ab-1c34dae33151,1
820e3b6c-3276-11ec-a0ee-ec0d9a21b021,0
821e870a-51c2-11ec-a0ee-ec0d9a21b021,0
824a2f6c-50d1-11ef-b10b-08c0eb31fffb,0
827cbc75-ae26-11ef-ae7a-08c0eb320147,0
82e5a86f-ca9a-11eb-85ac-1c34dae33151,3
83442695-1ca5-11ed-885a-08c0eb32014b,2
83672575-4907-11eb-85a3-1c34dae33151,0
8389c83f-fccc-11ee-b973-08c0eb32008b,0
839057c8-8aff-11ef-b973-08c0eb32008b,4
8405b496-abb4-11ed-b109-08c0eb31fffb,4
843c9841-4a5e-11ef-8861-08c0eb32014b,2
843e9322-372e-11ec-a0ee-ec0d9a21b021,2
844d3745-8b2b-11ea-aff3-0050560306e1,0
845b9ca6-a40a-11eb-85a9-1c34dae33151,1
84a46a7d-da82-11ec-8859-08c0eb32014b,4
84afb9b5-4d35-11ec-a0ee-ec0d9a21b021,1
84d71a2b-dbc4-11ee-b973-08c0eb32008b,2
84e38b90-43b9-11ed-b96c-08c0eb32008b,1
84e4698a-50cf-11ef-b10b-08c0eb31fffb,0
84f53a9b-311c-11ee-885f-08c0eb32014b,3
84fda6e6-c424-11ee-b10b-08c0eb31fffb,1
852f4564-fdb0-11ee-b10b-08c0eb31fffb,0
8554a271-e0c9-11ec-8859-08c0eb32014b,0
859fd01d-9dbc-11ef-8861-08c0eb32014b,0
85c1c293-b944-11ef-9bb0-be3af2b6059f,1
85eff3a5-905d-11ee-b973-08c0eb32008b,3
860b07e7-898b-11ec-b967-08c0eb32008b,0
8615ff19-dad4-11ed-b971-08c0eb32008b,2
862cde8e-054f-11ee-885e-08c0eb32014b,0
866225f1-8a19-11ef-b10b-08c0eb31fffb,0
8689f2a6-a75d-11ef-ae7a-08c0eb320147,0
86e510b2-c83e-11eb-85ac-1c34dae33151,0
8736bfd9-f286-11ea-8599-1c34dae33151,0
875765ae-33d2-11ef-b973-08c0eb32008b,0
875aa43e-740f-11ef-b973-08c0eb32008b,4
8772a625-31b7-11ec-a0ee-ec0d9a21b021,0
877b3a82-70c4-11ed-b107-08c0eb31fffb,0
87ee8a36-f035-11ef-aa3a-be3af2b6059f,0
8831187a-a1ba-11ef-b10b-08c0eb31fffb,0
8831aa8e-aab6-11ec-b0fc-08c0eb31fffb,3
883df6c5-01a7-11ec-a0ee-ec0d9a21b021,4
88422774-b07c-11ee-ae7a-08c0eb320147,0
8842ab9f-40c0-11ee-b10a-08c0eb31fffb,0
88dabfd3-17c9-11ed-b106-08c0eb31fffb,0
89618399-4d3e-11ec-a0ee-ec0d9a21b021,0
896d81b5-6788-11eb-85a3-1c34dae33151,0
89ab2f2a-e860-11ee-b10b-08c0eb31fffb,0
89b4be1f-50e8-11ef-b10b-08c0eb31fffb,1
89bb1041-99d1-11ee-8861-08c0eb32014b,4
89be3efc-cfc2-11ee-ae7a-08c0eb320147,0
89d185d7-2dbd-11ec-a0ee-ec0d9a21b021,0
89d27a7a-c422-11ee-b10b-08c0eb31fffb,0
89de70d1-bd20-11ea-b7de-0050560306e1,0
8a01750d-0f6e-11ee-ae78-08c0eb320147,1
8a01787b-cfff-11ee-8861-08c0eb32014b,1
8a0742e6-4b61-11ef-b973-08c0eb32008b,0
8a39b113-138e-11ef-ae7a-08c0eb320147,0
8a5eaaf9-7c0a-11eb-85a3-1c34dae33151,4
8a61746b-d5a2-11eb-85ac-1c34dae33151,4
8a67b6b6-74e5-11ea-95b9-0050560306e1,3
8aafb4b3-8ac7-11ea-aff3-0050560306e1,4
8ae16a43-e862-11eb-a0ee-ec0d9a21b021,0
8ae93265-025d-11eb-8599-1c34dae33151,0
8b1c2c64-f34f-11ef-aa3a-be3af2b6059f,4
8b623f54-7d23-11ed-b970-08c0eb32008b,3
8b7dd89b-edee-11eb-a0ee-ec0d9a21b021,0
8b90d41d-9601-11eb-85a9-1c34dae33151,0
8b92790b-9d10-11eb-85a9-1c34dae33151,0
8b9359f3-ca6f-11ee-8861-08c0eb32014b,0
8bd95c63-50ea-11f0-a5cb-7cc255b74513,1
8be40751-a8d6-11eb-85a9-1c34dae33151,0
8c41afce-5f5c-11ed-ae75-08c0eb320147,1
8c59e49c-0fbd-11eb-8599-1c34dae33151,0
8c5d5ba7-ac78-11ed-ae77-08c0eb320147,1
8c7bdc6f-17c8-11ed-b106-08c0eb31fffb,3
8c8e53cb-f824-11ef-aa23-be3af2b6059f,0
8c96647c-d591-11ea-8598-1c34dae33151,4
8d14287d-d6e6-11ee-b973-08c0eb32008b,0
8d521495-dc85-11ef-a97a-be3af2b6059f,1
8d7891c5-7196-11ed-885b-08c0eb32014b,4
8dcee369-49c0-11ea-8a1c-0050560306e1,0
8ded21a0-d595-11eb-85ac-1c34dae33151,1
8e073b18-75e9-11ea-a214-0050560307be,0
8e19d76f-7115-11f0-9bb2-be3af2b6059f,0
8e470f23-473e-11ee-b971-08c0eb32008b,1
8e494f93-ea82-11ee-b973-08c0eb32008b,1
8eb1c506-0f46-11ed-885a-08c0eb32014b,0
8f3633af-d7b9-11ed-b970-08c0eb32008b,0
8f364505-30d5-11eb-859a-1c34dae33151,2
8f71065d-a8d8-11eb-85a9-1c34dae33151,3
8f825a70-e864-11ef-a97a-be3af2b6059f,0
8f92d91e-7eff-11ee-b10b-08c0eb31fffb,4
8f9d672d-acaa-11ef-ae7a-08c0eb320147,1
8fa1a420-818d-11ef-b10b-08c0eb31fffb,0
8fa319ec-6aad-11ef-b10b-08c0eb31fffb,0
8fa8a795-87c2-11eb-85a3-1c34dae33151,3
8fe2bd08-f35b-11ee-b973-08c0eb32008b,2
8fe2ca69-b33d-11eb-85ab-1c34dae33151,0
8ff1f8c6-093c-11eb-8599-1c34dae33151,3
900bf164-7f4c-11ec-ae6d-08c0eb320147,0
901f5d3a-71d3-11eb-85a3-1c34dae33151,0
902700e7-eabe-11ef-aa23-be3af2b6059f,0
902ed593-7763-11eb-85a3-1c34dae33151,0
90473792-de2d-11eb-85ad-1c34dae33151,2
907e6a90-1a9c-11ea-a231-0050560306e1,4
90914e51-d83a-11ed-ae77-08c0eb320147,0
90a1562f-354e-11f0-a5cb-7cc255b74513,1
90ba0321-3895-11eb-859a-1c34dae33151,0
90f27d9b-2dbe-11ec-a0ee-ec0d9a21b021,4
913cf69b-681c-11ee-b972-08c0eb32008b,0
918d3c11-6d35-11eb-85a3-1c34dae33151,0
91dc11bb-bd3c-11eb-85ab-1c34dae33151,0
928245c1-a71f-11ef-ae7a-08c0eb320147,0
92ec1c18-c26e-11ed-b970-08c0eb32008b,1
92f58d7b-bf82-11ee-ae7a-08c0eb320147,0
930ab6ea-68ac-11f0-aa3c-be3af2b6059f,3
9312ae6b-3133-11ee-b971-08c0eb32008b,0
9347b7c4-abcd-11ef-b10b-08c0eb31fffb,0
936f3987-87bc-11eb-85a3-1c34dae33151,0
93a5545b-9838-11ee-ae7a-08c0eb320147,0
93a6b67c-02f7-11ef-b10b-08c0eb31fffb,0
93b9e9e0-6a1d-11eb-85a3-1c34dae33151,0
93de7031-3789-11ee-885f-08c0eb32014b,0
94267033-acd7-11eb-85ab-1c34dae33151,0
943cb174-a4a9-11ee-b10b-08c0eb31fffb,0
9467aba9-cab1-11eb-85ac-1c34dae33151,4
946de3dd-63b9-11ef-b973-08c0eb32008b,0
94bab540-50da-11ef-b973-08c0eb32008b,0
94c79d23-34d8-11ed-b106-08c0eb31fffb,4
94ea6071-b6f7-11eb-85ab-1c34dae33151,4
94eed9f9-19b9-11ef-8861-08c0eb32014b,0
94f621ce-37f3-11ec-85ad-1c34dae33151,0
95188e79-723e-11ee-ae79-08c0eb320147,0
95352b84-a36b-11ef-8861-08c0eb32014b,0
95425f60-70c6-11ed-b107-08c0eb31fffb,1
957f0ec9-9061-11ee-8861-08c0eb32014b,0
95b13aa5-2209-11ed-ae72-08c0eb320147,2
95ba614f-adb6-11ef-b973-08c0eb32008b,0
95c263cc-21a9-11f0-aa25-be3af2b6059f,0
95eb138b-118a-11ec-a0ee-ec0d9a21b021,0
95ee950e-2016-11eb-8599-1c34dae33151,2
95fa4063-3234-11f0-9bb2-be3af2b6059f,3
9611e0e6-1385-11eb-8599-1c34dae33151,0
9616d42f-0344-11ed-885a-08c0eb32014b,0
96854d09-d30b-11ea-8598-1c34dae33151,0
968aadf4-cfd9-11ea-b7de-0050560306e1,0
96e2c428-9dda-11ef-8861-08c0eb32014b,4
9721f900-c431-11ee-b10b-08c0eb31fffb,0
97389e79-ac74-11ed-885d-08c0eb32014b,0
9738b3b0-6522-11ef-b973-08c0eb32008b,0
976002f3-1636-11ec-a0ee-ec0d9a21b021,0
976f6422-1a29-11ec-a0ee-ec0d9a21b021,3
97bbddd0-7c8e-11ed-b970-08c0eb32008b,0
986d2ab8-8aa5-11ee-b973-08c0eb32008b,0
98739635-e512-11ee-b10b-08c0eb31fffb,2
98877286-823b-11ef-8861-08c0eb32014b,0
9894e0bf-fea0-11ec-b96c-08c0eb32008b,0
98a44801-50e0-11ef-b973-08c0eb32008b,2
98bf8979-7d1c-11ed-b970-08c0eb32008b,0
99061c77-14d3-11ed-885a-08c0eb32014b,0
992a8456-7d87-11ee-ae7a-08c0eb320147,1
99514097-31af-11ec-a0ee-ec0d9a21b021,0
9989fb65-8f99-11ef-b973-08c0eb32008b,0
99b2c474-3d32-11f0-aa3c-be3af2b6059f,0
99cc4548-abb5-11ed-b109-08c0eb31fffb,2
99dcc558-5267-11f0-a97c-be3af2b6059f,0
99e746d2-7d33-11ec-ae6d-08c0eb320147,0
9a0cfdc5-257f-11eb-8599-1c34dae33151,0
9a0ec1ea-4ed5-11eb-85a3-1c34dae33151,0
9a141328-d565-11ee-8861-08c0eb32014b,0
9a54b9f6-1832-11ef-ae7a-08c0eb320147,2
9a6d59d2-f3f0-11ed-b971-08c0eb32008b,3
9a96bdbc-a58d-11ef-b10b-08c0eb31fffb,0
9aac1b6e-ef84-11ef-a97a-be3af2b6059f,0
9aad319e-ac76-11ed-ae77-08c0eb320147,2
9afa99d1-5982-11eb-85a3-1c34dae33151,0
9b83828a-505f-11ed-ae72-08c0eb320147,2
9ba09cdb-2713-11ef-b10b-08c0eb31fffb,0
9bbc29ba-95a9-11ec-b0fc-08c0eb31fffb,3
9bbdf0b1-74c4-11ea-b94f-0050560306e1,0
9bf84a3a-e79b-11ef-a97a-be3af2b6059f,0
9c1c91aa-9d0f-11eb-85a9-1c34dae33151,0
9c4587f5-92ae-11ed-b970-08c0eb32008b,0
9c78155f-9d05-11ef-b973-08c0eb32008b,2
9c87453f-e1f1-11ee-b973-08c0eb32008b,0
9c92abd6-7195-11ed-885b-08c0eb32014b,0
9ca2e3a6-71bf-11ed-b96e-08c0eb32008b,0
9caf1308-eefe-11ef-aa23-be3af2b6059f,0
9cbc2664-da85-11ec-8859-08c0eb32014b,0
9cbff6aa-e8df-11ed-b10a-08c0eb31fffb,0
9d186efa-8ac8-11ee-ae7a-08c0eb320147,1
9d1b2a94-f9d5-11ef-9bb0-be3af2b6059f,4
9d234f8d-a341-11ef-ae7a-08c0eb320147,3
9d3710f8-c1fd-11eb-85ab-1c34dae33151,0
9d3b96bf-a81a-11eb-85a9-1c34dae33151,3
9d84f969-0cf3-11ed-b96c-08c0eb32008b,0
9d9505ff-87ab-11ef-b973-08c0eb32008b,4
9db56df1-59b4-11ed-ae75-08c0eb320147,0
9db68aa8-dfb3-11ef-a97a-be3af2b6059f,0
9dcd2954-c26f-11ed-ae77-08c0eb320147,0
9de7fdf5-e09d-11ea-8599-1c34dae33151,2
9df8c899-1830-11ef-ae7a-08c0eb320147,2
9e1178a4-c765-11eb-85ac-1c34dae33151,0
9e1445cf-789d-11ee-b10a-08c0eb31fffb,0
9e24a579-674d-11ed-b96e-08c0eb32008b,4
9e383d4b-d48c-11ed-b970-08c0eb32008b,4
9e4c2608-7d21-11ed-b970-08c0eb32008b,0
9eb3ed93-a00c-11ee-b10b-08c0eb31fffb,1
9ec395f9-5398-11ed-ae75-08c0eb320147,4
9ed9f73c-30d7-11eb-859a-1c34dae33151,0
9edb3ad2-03d8-11ef-ae7a-08c0eb320147,0
9eeb8195-a81b-11eb-85a9-1c34dae33151,4
9f0e947d-243c-11ed-b106-08c0eb31fffb,0
9f1dc0e3-9923-11eb-85a9-1c34dae33151,0
9f5a5b98-3c2a-11ea-b533-0050560306e1,0
9fae2aea-4d56-11ec-a0ee-ec0d9a21b021,0
9fc5ed26-58ee-11ed-885b-08c0eb32014b,2
9fdde279-8adc-11ef-b973-08c0eb32008b,0
9ff9b613-3879-11eb-859a-1c34dae33151,0
a0454f04-22b3-11eb-8599-1c34dae33151,0
a07979f2-a293-11eb-85a9-1c34dae33151,0
a0ba2809-fc8f-11ee-b973-08c0eb32008b,0
a0be5dd3-98ca-11ec-8856-08c0eb32014b,0
a0c9dcca-0347-11f0-9bb0-be3af2b6059f,2
a0de2032-34d9-11ed-b106-08c0eb31fffb,4
a0e1a849-8bce-11ef-b10b-08c0eb31fffb,4
a126bb02-92a1-11ed-885d-08c0eb32014b,0
a12f98f3-136e-11ef-ae7a-08c0eb320147,0
a135ce12-816d-11eb-85a3-1c34dae33151,0
a1370b08-3756-11ee-b10a-08c0eb31fffb,0
a156969b-f3ef-11ed-b971-08c0eb32008b,3
a15a8f9b-abb8-11ed-b970-08c0eb32008b,0
a15cd6bd-1f43-11eb-8599-1c34dae33151,2
a1608528-de2f-11eb-85ad-1c34dae33151,0
a1608966-8582-11eb-85a3-1c34dae33151,0
a184e945-bd41-11ea-b7de-0050560306e1,0
a1b91556-50df-11ef-b973-08c0eb32008b,1
a1ff088a-4942-11ec-a0ee-ec0d9a21b021,2
a23b413a-aafd-11ef-b10b-08c0eb31fffb,2
a26853ae-fc1f-11eb-a0ee-ec0d9a21b021,0
a2725421-eba3-11ea-8599-1c34dae33151,0
a2af9fa7-63ab-11ef-b973-08c0eb32008b,0
a2d52730-8ade-11ef-b973-08c0eb32008b,0
a2f56adf-8c9f-11eb-85a8-1c34dae33151,0
a302aa51-50eb-11ef-b973-08c0eb32008b,0
a30accc2-9d7d-11ee-8861-08c0eb32014b,2
a315dec9-70bf-11ed-b107-08c0eb31fffb,4
a31f3818-2b02-11ee-b10a-08c0eb31fffb,0
a337d512-06e5-11eb-8599-1c34dae33151,0
a3417adb-7e72-11f0-9bb2-be3af2b6059f,3
a3498e9c-3f6e-11ef-8861-08c0eb32014b,2
a3523d6f-c175-11ec-b96b-08c0eb32008b,2
a36ea617-7bea-11ef-ae7a-08c0eb320147,0
a37d8868-eedd-11ef-aa23-be3af2b6059f,0
a38d1f72-8d06-11ee-8861-08c0eb32014b,0
a3a3af0d-710d-11eb-85a3-1c34dae33151,2
a3c29e7a-1768-11ea-8c5d-0050560306e1,0
a4020464-1891-11ed-b106-08c0eb31fffb,0
a40c6b5f-0bbe-11ef-b10b-08c0eb31fffb,0
a4427ab8-c264-11ed-ae77-08c0eb320147,0
a4969634-e323-11eb-a0ee-ec0d9a21b021,0
a49a24cf-67c8-11ec-b967-08c0eb32008b,0
a4a80c5c-cfbf-11ee-ae7a-08c0eb320147,0
a4b88932-52ac-11ec-85ad-1c34dae33151,4
a4ca7f57-a950-11ea-9e08-0050560306e1,0
a4cbd430-f3f3-11ed-b971-08c0eb32008b,0
a4e13262-2d35-11ee-885f-08c0eb32014b,4
a4e9e337-70c4-11ed-b107-08c0eb31fffb,0
a518f726-7e6a-11ec-b967-08c0eb32008b,2
a51e1fc3-d7eb-11ea-8599-1c34dae33151,1
a52cedf5-9a52-11ee-ae7a-08c0eb320147,0
a57eef9e-48e5-11ea-8a1c-0050560306e1,1
a5a5da26-1f5a-11ef-ae7a-08c0eb320147,4
a6413634-7bff-11eb-85a3-1c34dae33151,0
a6751e2c-9606-11eb-85a9-1c34dae33151,0
a677169a-6986-11ed-b96e-08c0eb32008b,0
a6910c53-7fc9-11ee-b10b-08c0eb31fffb,3
a6912b16-6a17-11eb-85a3-1c34dae33151,0
a6982a9c-c42e-11ee-b973-08c0eb32008b,0
a69af118-3635-11ec-85ad-1c34dae33151,0
a6ad4ac5-32a0-11ee-b10a-08c0eb31fffb,0
a6d916ea-40a7-11ec-85ad-1c34dae33151,0
a6e126bb-8bd6-11ea-aff3-0050560306e1,0
a6f6c972-d01b-11eb-85ac-1c34dae33151,1
a70fe7c3-a651-11ee-b973-08c0eb32008b,1
a729bf02-77b2-11ed-b107-08c0eb31fffb,0
a749a623-3013-11ed-ae72-08c0eb320147,1
a7564b17-0a20-11eb-8599-1c34dae33151,2
a766c244-961c-11ef-ae7a-08c0eb320147,0
a779f480-2feb-11ec-a0ee-ec0d9a21b021,0
a7992154-e304-11eb-85ad-1c34dae33151,3
a7a21daa-1eb9-11f0-a5cb-7cc255b74513,3
a7a561b8-d1c4-11ec-ae71-08c0eb320147,0
a7c26d1d-0021-11f0-a5c9-7cc255b74513,0
a7e7927d-9924-11eb-85a9-1c34dae33151,0
a7fef561-29d3-11ed-b96c-08c0eb32008b,0
a8058f26-a75b-11ef-ae7a-08c0eb320147,0
a82e7125-c267-11ed-885d-08c0eb32014b,4
a8534613-3c07-11ee-b971-08c0eb32008b,1
a867337f-74c0-11ea-b94f-0050560306e1,0
a8935d3d-59b8-11ed-885b-08c0eb32014b,0
a896627d-3012-11eb-859a-1c34dae33151,0
a89e2ecc-d286-11eb-85ac-1c34dae33151,0
a8a31a73-bd40-11ea-b7de-0050560306e1,3
a8a6dbe8-f261-11ee-8861-08c0eb32014b,0
a8fd0ba6-edb9-11ee-ae7a-08c0eb320147,1
a900a031-2f16-11ef-b973-08c0eb32008b,1
a923b60d-f34f-11ee-ae7a-08c0eb320147,0
a94d89a4-da57-11eb-85ad-1c34dae33151,3
a960b2f8-6787-11eb-85a3-1c34dae33151,0
a9612eb4-1f71-11f0-aa25-be3af2b6059f,2
a972a198-d007-11ea-b7de-0050560306e1,0
a993bb43-1f20-11ef-b973-08c0eb32008b,0
a997c1a8-921b-11eb-85a8-1c34dae33151,0
a9c41b9b-8e19-11ea-aff3-0050560306e1,0
a9d29865-5c8c-11f0-a5cb-7cc255b74513,0
a9dd9f0a-87ac-11eb-85a3-1c34dae33151,0
a9e14702-d13b-11ec-ae71-08c0eb320147,0
a9fc1c76-13d1-11ed-885a-08c0eb32014b,2
aa180e27-06e3-11eb-8599-1c34dae33151,4
aa188ce8-8634-11ef-b10b-08c0eb31fffb,4
aa3b721a-c433-11ee-b10b-08c0eb31fffb,0
aa3beda5-46a9-11f0-aa3c-be3af2b6059f,4
aa64f353-2d13-11ed-b96c-08c0eb32008b,0
aa750782-8171-11eb-85a3-1c34dae33151,4
aaa2ef02-2fbb-11ef-b10b-08c0eb31fffb,1
aaa598bc-83b2-11ee-b973-08c0eb32008b,1
aaadeb1e-ac79-11ed-ae77-08c0eb320147,0
aad6cdfb-fe22-11ee-ae7a-08c0eb320147,0
aaf0664c-176f-11ef-ae7a-08c0eb320147,2
aaf6fcae-67c7-11ec-b967-08c0eb32008b,3
ab0bbeb9-6bb5-11f0-a5cb-7cc255b74513,0
ab3024da-2fba-11ef-b10b-08c0eb31fffb,0
ab3fde09-429c-11ee-885f-08c0eb32014b,0
ab4786ee-ec34-11ee-b10b-08c0eb31fffb,3
ab4e3e10-66b9-11ef-ae7a-08c0eb320147,3
ab520411-dae1-11ee-b10b-08c0eb31fffb,0
ab5a9424-250d-11ed-885a-08c0eb32014b,0
ab5f6932-658a-11ed-b107-08c0eb31fffb,0
ab73d8af-4d63-11ee-ae78-08c0eb320147,0
ab9251d3-8269-11eb-85a3-1c34dae33151,0
abac06a3-71bb-11ed-b96e-08c0eb32008b,1
abd0cd90-33c5-11eb-859a-1c34dae33151,0
abe01e4e-ac75-11ed-ae77-08c0eb320147,0
ac08df70-00a1-11ef-b10b-08c0eb31fffb,2
ac276549-a409-11eb-85a9-1c34dae33151,0
ac5072f7-9135-11eb-85a8-1c34dae33151,0
ac52fafe-5eee-11ef-ae7a-08c0eb320147,3
ac56f469-7159-11ed-b96e-08c0eb32008b,0
ac6989a5-9281-11ee-ae7a-08c0eb320147,0
ac88ffd9-71d6-11eb-85a3-1c34dae33151,0
ac8ce2e8-06ca-11ee-b971-08c0eb32008b,0
ac9059c5-9607-11eb-85a9-1c34dae33151,4
acd0935e-aee4-11ee-8861-08c0eb32014b,0
acec45a4-0f70-11ee-885e-08c0eb32014b,0
acf02e5f-678a-11eb-85a3-1c34dae33151,4
ad2b5d81-b997-11ec-b968-08c0eb32008b,0
ad3d5417-b88f-11ef-a976-be3af2b6059f,0
ad5ca4e4-49b7-11ea-8a1c-0050560306e1,3
ad65a823-168c-11ef-b973-08c0eb32008b,3
ad6695ad-387a-11eb-859a-1c34dae33151,0
ad8e5d8b-8b28-11ea-aff3-0050560306e1,4
ada002ec-f008-11ee-b10b-08c0eb31fffb,1
adaed14f-ac73-11ed-b970-08c0eb32008b,0
adbc0d78-71c1-11ed-ae75-08c0eb320147,1
add5e648-bdf9-11ef-aa3a-be3af2b6059f,0
addfebcf-8452-11ee-b973-08c0eb32008b,0
ade210c6-b145-11ee-b10b-08c0eb31fffb,1
adecb352-ecff-11ee-b10b-08c0eb31fffb,4
adf8a8db-a7e2-11ef-b10b-08c0eb31fffb,2
ae08f583-dfd3-11eb-85ad-1c34dae33151,4
ae427843-5227-11ee-b10a-08c0eb31fffb,0
ae605a0b-e827-11ee-b973-08c0eb32008b,3
ae64363c-63d8-11ed-b96e-08c0eb32008b,2
ae6d4bfc-c69a-11ee-8861-08c0eb32014b,0
ae9da9fa-aaf9-11ea-9e08-0050560306e1,0
aeba2d0f-e22d-11ef-9bb0-be3af2b6059f,0
aece834f-1fef-11ea-85cc-0050560306e1,0
aeceb1e4-19b0-11ef-8861-08c0eb32014b,1
aeee662c-7156-11ed-b96e-08c0eb32008b,2
aef8d5a5-c11b-11ee-b10b-08c0eb31fffb,2
aefe6d06-7638-11ed-b96e-08c0eb32008b,0
af114ebb-9c2a-11ef-b10b-08c0eb31fffb,0
af548b50-17d3-11ed-ae72-08c0eb320147,0
af5c27c9-50ec-11ef-b973-08c0eb32008b,0
af61fd26-c268-11ed-b970-08c0eb32008b,0
af8f60f9-b3ad-11ef-ae7a-08c0eb320147,4
afa3ee05-a40c-11eb-85a9-1c34dae33151,0
afd96837-a947-11ea-9e08-0050560306e1,0
afec35c8-6bb3-11f0-a5cb-7cc255b74513,0
aff238d3-9926-11eb-85a9-1c34dae33151,0
aff42e03-d417-11ef-9bb0-be3af2b6059f,0
aff94e45-f267-11ee-b973-08c0eb32008b,0
b01d5c15-f65a-11ed-b971-08c0eb32008b,1
b0275143-0a21-11eb-8599-1c34dae33151,0
b054d971-009e-11ef-b10b-08c0eb31fffb,2
b058b5ef-bd2c-11ea-b7de-0050560306e1,0
b0692554-eddd-11ee-b10b-08c0eb31fffb,1
b07caf80-27b3-11ee-ae78-08c0eb320147,0
b0e7f611-7693-11ee-ae79-08c0eb320147,3
b10e19d9-782a-11f0-a97c-be3af2b6059f,0
b11f4c61-e1f3-11ee-b973-08c0eb32008b,1
b1421b2b-86f7-11ef-b10b-08c0eb31fffb,3
b174e218-1768-11ea-8c5d-0050560306e1,0
b18f1dcf-ac5c-11ed-885d-08c0eb32014b,0
b19a002c-87ad-11eb-85a3-1c34dae33151,1
b19e5e0e-eabd-11eb-a0ee-ec0d9a21b021,0
b1a28d6c-f3ea-11ed-ae78-08c0eb320147,4
b1aab59c-3c77-11f0-aa25-be3af2b6059f,0
b1b49e58-2885-11ed-b96c-08c0eb32008b,0
b1c7ad95-a343-11ef-ae7a-08c0eb320147,2
b1e9c9e6-a594-11ee-b973-08c0eb32008b,0
b1ecbdfa-d7b0-11ed-b970-08c0eb32008b,0
b1f9991a-7c8d-11ed-b970-08c0eb32008b,1
b22be24a-77cd-11ee-b972-08c0eb32008b,0
b24a042a-1cba-11ee-b10a-08c0eb31fffb,2
b25308c1-5ef8-11eb-85a3-1c34dae33151,3
b2768dbe-52b0-11ec-85ad-1c34dae33151,3
b28b5354-47be-11ec-85ad-1c34dae33151,0
b28b9618-5e3c-11ef-ae7a-08c0eb320147,3
b2db6619-c25f-11ed-b970-08c0eb32008b,0
b2e63ddd-817d-11ef-8861-08c0eb32014b,0
b3321e03-349c-11f0-aa25-be3af2b6059f,3
b33461eb-8afc-11ea-aff3-0050560306e1,0
b35cfa8d-adb4-11ef-b973-08c0eb32008b,2
b3786423-1c15-11ef-8861-08c0eb32014b,0
b37b78bd-28b7-11eb-8599-1c34dae33151,0
b3a46846-49bf-11ea-8a1c-0050560306e1,2
b3a4ea8d-0090-11ef-8861-08c0eb32014b,3
b3a8d38d-8d68-11ef-b973-08c0eb32008b,4
b3adfc93-f29c-11ee-b973-08c0eb32008b,3
b3dc7a3b-9c4d-11eb-85a9-1c34dae33151,2
b404f032-8d0a-11ee-b973-08c0eb32008b,0
b41c2193-7c8b-11ed-b970-08c0eb32008b,0
b43dc4d5-d612-11ee-b973-08c0eb32008b,0
b46f0cb0-74b3-11ee-b972-08c0eb32008b,4
b479d3eb-d7ba-11ed-b970-08c0eb32008b,0
b47c8548-e619-11ee-8861-08c0eb32014b,0
b498c601-2f19-11f0-a97c-be3af2b6059f,0
b4f6d88f-7fe2-11ef-b973-08c0eb32008b,0
b5284e60-b7ce-11ef-ae7a-08c0eb320147,0
b57848f3-9925-11eb-85a9-1c34dae33151,0
b58b3202-03d9-11ef-ae7a-08c0eb320147,2
b58f2e31-87b9-11eb-85a3-1c34dae33151,3
b5a6273d-4082-11ec-a0ee-ec0d9a21b021,0
b5d34289-4a84-11ef-ae7a-08c0eb320147,0
b5f168c1-ce86-11eb-85ac-1c34dae33151,4
b60ee2be-d7b5-11ed-b970-08c0eb32008b,0
b6460a07-f1c9-11ea-8599-1c34dae33151,0
b66ff61e-7804-11ee-b10a-08c0eb31fffb,2
b68b83de-8f07-11f0-a97c-be3af2b6059f,0
b691d564-3802-11ec-85ad-1c34dae33151,1
b6ace893-877b-11ed-b970-08c0eb32008b,3
b6c3f814-1e8c-11ef-8861-08c0eb32014b,0
b6e9caf9-0388-11ed-ae72-08c0eb320147,2
b6fbbff4-dc84-11ee-ae7a-08c0eb320147,4
b6fcc361-d08e-11ee-b10b-08c0eb31fffb,0
b7092822-fca1-11ee-ae7a-08c0eb320147,0
b7272629-70bb-11ed-b107-08c0eb31fffb,0
b72a5d9b-bd40-11eb-85ab-1c34dae33151,0
b72fedff-0cef-11ed-b96c-08c0eb32008b,0
b73853bd-a288-11eb-85a9-1c34dae33151,3
b74c2f5d-678c-11eb-85a3-1c34dae33151,0
b79d2e5c-6f41-11ee-b10a-08c0eb31fffb,1
b79e878f-33bd-11ea-a07d-0050560306e1,2
b7bd7f21-25b7-11eb-8599-1c34dae33151,4
b7c3c077-ac72-11ed-b109-08c0eb31fffb,2
b7cbd1e0-1e89-11ef-8861-08c0eb32014b,0
b7e896ee-282f-11ed-b106-08c0eb31fffb,0
b7ebc9da-7d1b-11ed-b970-08c0eb32008b,0
b8164e1f-e61c-11ee-b973-08c0eb32008b,0
b8197e66-9793-11eb-85a9-1c34dae33151,0
b8366bfd-e424-11ed-b10a-08c0eb31fffb,0
b839a7d9-1a99-11ea-a231-0050560306e1,0
b869da9b-87bb-11eb-85a3-1c34dae33151,2
b8b64918-da0b-11ee-ae7a-08c0eb320147,3
b8d8c7bc-d7bb-11ed-b970-08c0eb32008b,2
b92d5829-06e4-11eb-8599-1c34dae33151,0
b9300f57-42f9-11ec-a0ee-ec0d9a21b021,0
b97a17d9-2f7f-11ee-885f-08c0eb32014b,0
b9a8fe1a-2d3d-11ee-b10a-08c0eb31fffb,1
b9aa7557-d6d7-11ee-8861-08c0eb32014b,2
b9c73291-fc93-11ee-b973-08c0eb32008b,0
b9d1088a-75e8-11ea-95b9-0050560306e1,4
ba20c82f-753a-11ed-885b-08c0eb32014b,0
ba224c66-3502-11ee-885f-08c0eb32014b,4
ba2fb464-45af-11ee-885f-08c0eb32014b,0
ba363ff9-b341-11eb-85ab-1c34dae33151,0
ba4c6d6c-da7e-11ec-8859-08c0eb32014b,1
ba92afef-788c-11ee-ae79-08c0eb320147,0
bab25db6-77b4-11ed-b107-08c0eb31fffb,0
bad9a668-9614-11eb-85a9-1c34dae33151,0
bb17742d-3267-11ec-a0ee-ec0d9a21b021,0
bb4ac760-14d2-11ed-885a-08c0eb32014b,0
bb640f2b-08a3-11f0-9bb0-be3af2b6059f,4
bb672671-5eef-11ef-b10b-08c0eb31fffb,0
bbab85b6-4c9c-11ee-885f-08c0eb32014b,0
bc3b5de7-a945-11ea-9e08-0050560306e1,0
bc42fcdb-4ab4-11f0-a97c-be3af2b6059f,4
bc5af3c1-5e11-11ee-b10a-08c0eb31fffb,0
bc5c35c2-0e1d-11f0-a5cb-7cc255b74513,0
bc6ea521-f817-11ef-aa23-be3af2b6059f,0
bc816ad8-8e06-11ee-ae7a-08c0eb320147,0
bcbf0be4-bd2b-11ea-b7de-0050560306e1,0
bcecc018-31b5-11ec-a0ee-ec0d9a21b021,0
bcf16405-4741-11ee-b971-08c0eb32008b,0
bd3b1986-7bf9-11eb-85a3-1c34dae33151,0
bd4cdac2-18f5-11ef-b10b-08c0eb31fffb,0
bd548576-50ed-11ef-b973-08c0eb32008b,0
bd7663a9-306b-11ed-885a-08c0eb32014b,0
bdbe0567-92a7-11ed-b109-08c0eb31fffb,3
bdc1565f-858c-11ec-b0fc-08c0eb31fffb,4
be00acee-01a6-11ec-85ad-1c34dae33151,0
be0ba01d-1ce5-11ef-b973-08c0eb32008b,0
be38d5b3-dc36-11ec-8859-08c0eb32014b,2
be3c7d24-ff9c-11ed-b10a-08c0eb31fffb,0
be3d1c69-2d14-11ed-b96c-08c0eb32008b,0
be624527-5c46-11ee-885f-08c0eb32014b,0
bebab243-42fb-11ec-a0ee-ec0d9a21b021,0
bec49248-3016-11eb-859a-1c34dae33151,0
bec62eb6-f043-11ee-b10b-08c0eb31fffb,4
becfc52d-7a77-11ef-b973-08c0eb32008b,2
bed634bb-dfac-11ee-8861-08c0eb32014b,0
bf05216a-6b32-11ed-b96e-08c0eb32008b,0
bf34af3e-fc1a-11eb-a0ee-ec0d9a21b021,0
bf43e582-dc86-11ee-ae7a-08c0eb320147,1
bf446169-9d1e-11f0-a5cb-7cc255b74513,0
bf62cd2f-f3f5-11ed-885e-08c0eb32014b,0
bf6a3993-0f44-11ed-885a-08c0eb32014b,0
bf90465b-3c3d-11ee-885f-08c0eb32014b,0
bfb3724d-58ef-11ed-885b-08c0eb32014b,1
bfc1ee6c-30cf-11eb-859a-1c34dae33151,0
bfc68b32-097c-11f0-aa23-be3af2b6059f,2
bfc7a9a0-d485-11ed-885d-08c0eb32014b,0
bfd05830-3ca0-11ec-85ad-1c34dae33151,0
c0165529-c109-11ee-b10b-08c0eb31fffb,0
c0203e5b-3bda-11f0-aa25-be3af2b6059f,0
c02f7478-197c-11ee-b10a-08c0eb31fffb,0
c0346921-ac74-11ed-885d-08c0eb32014b,0
c066f91a-87b3-11eb-85a3-1c34dae33151,0
c0a7b822-3012-11ed-ae72-08c0eb320147,0
c0c564d1-ed21-11ee-b10b-08c0eb31fffb,3
c0d495c9-abb0-11ed-b109-08c0eb31fffb,0
c0f8af65-fdb1-11ef-a5c9-7cc255b74513,0
c0fa52c8-8260-11ec-b0fc-08c0eb31fffb,0
c1142ad7-37f4-11ec-85ad-1c34dae33151,2
c1160480-5e40-11ef-b973-08c0eb32008b,0
c13dead4-82ca-11ec-ae6d-08c0eb320147,0
c17a60b0-b0b8-11ef-b973-08c0eb32008b,0
c180753c-ecf5-11ee-b10b-08c0eb31fffb,0
c19cd263-f1b3-11ea-8599-1c34dae33151,2
c1b3ee40-9c1c-11ef-8861-08c0eb32014b,4
c1c80b7d-48e2-11ea-8a1c-0050560306e1,0
c1d483c1-9514-11ef-8861-08c0eb32014b,0
c1d7e3af-7b27-11ef-ae7a-08c0eb320147,0
c1de499b-47bc-11ec-85ad-1c34dae33151,2
c1f9b092-0134-11ee-ae78-08c0eb320147,4
c1fcaa3a-7734-11ef-ae7a-08c0eb320147,0
c2002ca6-2dbc-11ec-a0ee-ec0d9a21b021,0
c2085099-9f3a-11ee-b10b-08c0eb31fffb,0
c26e6db3-bf74-11ee-b973-08c0eb32008b,0
c26f5eab-4bf8-11ee-b971-08c0eb32008b,0
c27231e0-ac0d-11ef-8861-08c0eb32014b,0
c2bfb907-1e58-11ef-b973-08c0eb32008b,0
c2cd318d-7e70-11ec-b967-08c0eb32008b,0
c2ebb116-8237-11ef-8861-08c0eb32014b,3
c31846aa-b334-11eb-85ab-1c34dae33151,0
c3258791-2316-11ef-ae7a-08c0eb320147,2
c33154c0-085b-11ef-ae7a-08c0eb320147,0
c360ebfd-c1db-11ee-8861-08c0eb32014b,0
c3672ed6-4121-11f0-aa25-be3af2b6059f,0
c36cd367-1842-11ef-b973-08c0eb32008b,1
c3b4602f-f0f1-11ee-ae7a-08c0eb320147,0
c3b70a31-a671-11ef-ae7a-08c0eb320147,0
c41f49b1-becb-11ef-9bb0-be3af2b6059f,0
c42e729c-b7c8-11eb-85ab-1c34dae33151,0
c430e404-9d0e-11eb-85a9-1c34dae33151,2
c43f9111-7196-11ed-885b-08c0eb32014b,0
c4ad855c-d7b2-11ed-b970-08c0eb32008b,0
c4b25ee2-6bf6-11ee-ae79-08c0eb320147,0
c4b766e9-eee5-11ef-aa23-be3af2b6059f,0
c4c2eb75-6a34-11ed-b96e-08c0eb32008b,0
c4cfa90e-0e81-11ee-ae78-08c0eb320147,0
c4f62ee2-d7bc-11ed-b970-08c0eb32008b,0
c51ae939-6791-11eb-85a3-1c34dae33151,0
c526dd28-9f29-11ee-b10b-08c0eb31fffb,0
c540fd1a-8c8a-11eb-85a8-1c34dae33151,0
c54454f5-a953-11ea-9e08-0050560306e1,0
c5aee1cc-ac5b-11ed-885d-08c0eb32014b,0
c5b23491-02e4-11ef-ae7a-08c0eb320147,2
c5c24b7b-9d0c-11eb-85a9-1c34dae33151,4
c5cb5b5b-ac6f-11ed-b109-08c0eb31fffb,0
c60125cb-85de-11ec-8856-08c0eb32014b,4
c6125295-5d38-11ea-a7b3-0050560306e1,0
c6221d4a-8507-11ed-885d-08c0eb32014b,0
c622d640-7f4d-11ec-ae6d-08c0eb320147,0
c6552704-8f66-11ee-8861-08c0eb32014b,0
c6575247-6cb9-11ed-885b-08c0eb32014b,4
c672b691-6a0b-11eb-85a3-1c34dae33151,0
c67ce970-d7f9-11ef-aa3a-be3af2b6059f,1
c6acc4bd-ca8e-11ee-b10b-08c0eb31fffb,0
c6b8ffb7-6d29-11f0-aa3c-be3af2b6059f,1
c6e74823-7402-11ee-b972-08c0eb32008b,3
c7055291-f288-11ef-aa3a-be3af2b6059f,0
c70b20e3-5d37-11ea-a7b3-0050560306e1,0
c70bcdb9-a56e-11ee-b10b-08c0eb31fffb,0
c71d81c4-37eb-11ec-85ad-1c34dae33151,4
c720b164-45ba-11ee-b10a-08c0eb31fffb,3
c73acf39-74f8-11eb-85a3-1c34dae33151,0
c7451b42-6752-11ed-b107-08c0eb31fffb,2
c7842806-e7c0-11ef-a97a-be3af2b6059f,0
c7a16c55-2730-11ef-8861-08c0eb32014b,0
c7b054ab-2014-11eb-8599-1c34dae33151,3
c7c75919-b09c-11ef-b10b-08c0eb31fffb,0
c7c9b06e-c263-11ed-ae77-08c0eb320147,0
c7de2d7e-c26f-11ed-ae77-08c0eb320147,0
c7e58f83-77cf-11ee-b972-08c0eb32008b,0
c7e7249d-52b2-11ec-85ad-1c34dae33151,4
c7f5fd70-3be1-11f0-aa25-be3af2b6059f,4
c7f7b47e-92ae-11ed-b970-08c0eb32008b,2
c83c5e39-87b2-11eb-85a3-1c34dae33151,0
c857efd3-ac76-11ed-ae77-08c0eb320147,1
c882224e-f1b5-11ea-8599-1c34dae33151,4
c8afceb0-11dd-11ee-885e-08c0eb32014b,0
c8b23343-f73d-11ee-b973-08c0eb32008b,2
c9114351-535b-11f0-aa25-be3af2b6059f,2
c9344b75-1a9d-11ea-a231-0050560306e1,0
c94e3c55-0456-11ee-885e-08c0eb32014b,0
c956c539-63de-11ed-b96e-08c0eb32008b,2
c9596073-de2c-11eb-85ad-1c34dae33151,2
c9606021-79bd-11ec-ae6d-08c0eb320147,0
c96aebb0-4ca1-11ee-b10a-08c0eb31fffb,0
c9780560-19ad-11ef-8861-08c0eb32014b,0
c9b84538-1a28-11ec-a0ee-ec0d9a21b021,2
c9beafe0-2ec2-11ed-b106-08c0eb31fffb,0
c9c118af-4ac8-11ed-885a-08c0eb32014b,0
c9d5c1ac-87af-11eb-85a3-1c34dae33151,0
c9d9eec9-ed0c-11ef-aa23-be3af2b6059f,1
c9f7298c-4e0d-11ed-b96c-08c0eb32008b,0
ca0f526a-d83a-11ed-ae77-08c0eb320147,0
ca1b7a25-0f6d-11ee-ae78-08c0eb320147,0
ca40d20e-b508-11ee-8861-08c0eb32014b,2
ca5025d2-6e66-11ee-b972-08c0eb32008b,0
cab2f794-0c44-11ef-b973-08c0eb32008b,4
cabad200-d593-11eb-85ac-1c34dae33151,0
cb0b5263-8002-11ef-b973-08c0eb32008b,3
cb215f67-0730-11ec-a0ee-ec0d9a21b021,4
cb306777-b7c5-11eb-85ab-1c34dae33151,4
cb32ab91-6a35-11ed-b96e-08c0eb32008b,0
cb67146a-50e6-11ef-b973-08c0eb32008b,4
cb73a493-79c1-11ec-ae6d-08c0eb320147,0
cb7fbd2a-020b-11ef-b973-08c0eb32008b,2
cb823e37-f3e6-11ed-ae78-08c0eb320147,0
cb8a3930-2b4c-11f0-a5cb-7cc255b74513,0
cb8b1583-d0ad-11ee-b973-08c0eb32008b,0
cba66e4d-2fb8-11ef-b10b-08c0eb31fffb,0
cbbf6f59-f28c-11ef-a97a-be3af2b6059f,0
cbc3ec53-da56-11eb-85ad-1c34dae33151,2
cbe0d84b-abb2-11ed-b109-08c0eb31fffb,4
cbfc0355-299b-11f0-aa3c-be3af2b6059f,0
cc0715cb-48e6-11ea-8a1c-0050560306e1,2
cc53747f-a755-11ef-b10b-08c0eb31fffb,0
cc6023f1-fb21-11ee-b973-08c0eb32008b,0
cc61fb59-75e6-11ea-95b9-0050560306e1,0
cc861956-1768-11ea-8c5d-0050560306e1,0
cc959580-4e0e-11ed-b96c-08c0eb32008b,0
ccd1afe9-50d0-11ef-b10b-08c0eb31fffb,3
ccedfd8b-3277-11ec-a0ee-ec0d9a21b021,0
cd087f9d-92b0-11ed-885d-08c0eb32014b,0
cd5e79f9-71bd-11ed-b96e-08c0eb32008b,0
cd6640e6-d17c-11ea-b7de-0050560306e1,0
cd7fb327-4ca3-11ee-885f-08c0eb32014b,0
cd846790-190c-11eb-8599-1c34dae33151,4
cdca0477-70bf-11ed-b107-08c0eb31fffb,0
cdebd457-2c92-11ef-ae7a-08c0eb320147,2
ce271fcc-42f8-11ec-a0ee-ec0d9a21b021,0
ce4267b8-d309-11ea-8598-1c34dae33151,0
ce6c1cbd-77f4-11ee-ae79-08c0eb320147,0
ce8c8be7-cffb-11ee-b10b-08c0eb31fffb,4
ce9d0eda-75eb-11ea-a214-0050560307be,0
cec23bf8-50ea-11ef-b973-08c0eb32008b,0
cec5f46e-b75e-11ed-b970-08c0eb32008b,0
ceda3342-78bf-11ee-b972-08c0eb32008b,0
cf0edbe1-d7a5-11ee-ae7a-08c0eb320147,0
cf2d571e-3734-11ec-a0ee-ec0d9a21b021,0
cf46b2dd-2fb9-11ef-b10b-08c0eb31fffb,3
cf8a51ee-79a5-11ea-a214-0050560307be,0
cf8d91ce-d6ec-11ee-b10b-08c0eb31fffb,0
cfaeb1a0-f7fd-11ea-8599-1c34dae33151,4
cfd9bd98-d7b8-11ed-b970-08c0eb32008b,0
d008efc4-da83-11ec-8859-08c0eb32014b,0
d013f7f4-460a-11f0-aa3c-be3af2b6059f,3
d06d4ff6-025b-11eb-8599-1c34dae33151,1
d06e9d1b-e21d-11ee-b973-08c0eb32008b,0
d07ae6e9-c136-11ef-aa3a-be3af2b6059f,1
d0823c5c-04a3-11ef-8861-08c0eb32014b,0
d082d323-5c43-11ee-885f-08c0eb32014b,4
d0899e9a-ac6d-11ed-b109-08c0eb31fffb,1
d09b8ade-fe5e-11ee-8861-08c0eb32014b,0
d09bffdb-84ce-11f0-a5cb-7cc255b74513,0
d0b40fb1-60a2-11eb-85a3-1c34dae33151,0
d0feb5da-d7df-11ea-8599-1c34dae33151,3
d11af359-fc73-11ec-b96b-08c0eb32008b,0
d12d0ffd-92ab-11ed-885d-08c0eb32014b,0
d13e3f0e-d175-11ea-b7de-0050560306e1,3
d1826a6a-b7a0-11ef-b10b-08c0eb31fffb,3
d18d0665-49a3-11ea-8a1c-0050560306e1,0
d194adda-3628-11f0-a97c-be3af2b6059f,2
d1a50548-a412-11eb-85a9-1c34dae33151,1
d1ca7a4c-a7c4-11ed-b970-08c0eb32008b,1
d2080182-efdd-11ed-b971-08c0eb32008b,1
d212f7ad-4060-11f0-9bb2-be3af2b6059f,0
d246f7a8-3fc9-11ed-ae72-08c0eb320147,0
d253ac1b-753d-11ed-885b-08c0eb32014b,0
d2adc296-74fa-11eb-85a3-1c34dae33151,4
d2b392e1-1635-11ec-a0ee-ec0d9a21b021,0
d2c912f4-0471-11ef-8861-08c0eb32014b,4
d2db4b23-1f42-11eb-8599-1c34dae33151,0
d2f5a835-d99b-11eb-85ac-1c34dae33151,0
d315c6a6-539a-11ed-ae75-08c0eb320147,1
d32c26ba-2194-11ef-b973-08c0eb32008b,1
d365f7c3-cfc5-11ed-885d-08c0eb32014b,3
d377aa1b-2b27-11f0-a5cb-7cc255b74513,4
d3975ba0-168e-11ef-8861-08c0eb32014b,0
d3b0e797-74f7-11eb-85a3-1c34dae33151,0
d3c0477b-63a1-11ef-b10b-08c0eb31fffb,0
d3d1ba76-5c10-11ec-a0ee-ec0d9a21b021,0
d402c5e5-eba4-11ea-8599-1c34dae33151,3
d409b41e-7c8c-11ed-b970-08c0eb32008b,0
d444a756-435b-11ee-ae78-08c0eb320147,1
d453bd2c-675e-11ee-ae79-08c0eb320147,0
d46b0e78-8eae-11ee-b10b-08c0eb31fffb,4
d4d688ea-8580-11eb-85a3-1c34dae33151,2
d4f0d8cc-7637-11ed-b96e-08c0eb32008b,4
d5066827-c698-11ee-8861-08c0eb32014b,4
d5257576-8d04-11ee-ae7a-08c0eb320147,0
d550b899-4d38-11ec-a0ee-ec0d9a21b021,3
d55506da-2c91-11ee-b971-08c0eb32008b,0
d5930102-1063-11f0-aa25-be3af2b6059f,0
d5a8dc76-092f-11ef-8861-08c0eb32014b,0
d5c78d3c-63ea-11ed-b107-08c0eb31fffb,3
d61447ef-3c9f-11ec-85ad-1c34dae33151,0
d62af9ea-495a-11ec-a0ee-ec0d9a21b021,2
d62e968e-9058-11ee-8861-08c0eb32014b,1
d6471460-e2c8-11ee-8861-08c0eb32014b,0
d64d7a68-8eb7-11ee-b10b-08c0eb31fffb,0
d65152f8-92b2-11ed-b970-08c0eb32008b,0
d66f558f-6872-11f0-a5cb-7cc255b74513,2
d68b416d-7d1f-11ed-b970-08c0eb32008b,0
d6a38b60-769a-11ee-ae79-08c0eb320147,4
d6ccae1a-2015-11eb-8599-1c34dae33151,0
d6d70076-2719-11ef-b10b-08c0eb31fffb,2
d6e24282-c4e3-11ea-b7de-0050560306e1,1
d6ead251-2e21-11ef-b10b-08c0eb31fffb,0
d6ee984c-70c0-11ed-885b-08c0eb32014b,0
d6f3cc9c-7735-11ef-ae7a-08c0eb320147,0
d74017ef-025c-11eb-8599-1c34dae33151,4
d740d8fc-a946-11ea-9e08-0050560306e1,1
d7b4faf2-6401-11ed-b96e-08c0eb32008b,0
d7e1e845-9064-11ef-8861-08c0eb32014b,0
d7ebb2b7-2fed-11ec-a0ee-ec0d9a21b021,0
d7ed8eb0-2588-11eb-8599-1c34dae33151,3
d803ac39-acc0-11ef-b973-08c0eb32008b,1
d82f20f0-9613-11eb-85a9-1c34dae33151,0
d839deb0-fa8d-11ef-a97a-be3af2b6059f,3
d84cab1b-539c-11ee-ae78-08c0eb320147,0
d8580701-334c-11ec-85ad-1c34dae33151,0
d86a80d6-5d3a-11ea-a7b3-0050560306e1,0
d886e43b-4585-11ed-b106-08c0eb31fffb,0
d8890a55-74f6-11eb-85a3-1c34dae33151,3
d89f12b9-5d2f-11ea-a7b3-0050560306e1,3
d8a4438d-84a6-11ef-b973-08c0eb32008b,0
d8c3604f-d7e9-11eb-85ac-1c34dae33151,0
d8d450a7-50d9-11ef-b973-08c0eb32008b,0
d8f57acb-c0de-11ea-b7de-0050560306e1,0
d8f70c8d-e84b-11ee-ae7a-08c0eb320147,0
d900a96b-1b12-11ee-b10a-08c0eb31fffb,0
d907a111-6402-11ed-b96e-08c0eb32008b,0
d91dc57b-1f41-11eb-8599-1c34dae33151,4
d92f413b-acad-11ef-ae7a-08c0eb320147,3
d9357c17-71f6-11ec-8856-08c0eb32014b,0
d938643a-32de-11ee-ae78-08c0eb320147,0
d9486ea4-300f-11ed-b96c-08c0eb32008b,2
d95235b8-7d45-11ee-ae7a-08c0eb320147,1
d9600be5-c049-11ee-b10b-08c0eb31fffb,1
d9784c34-72cf-11eb-85a3-1c34dae33151,3
d9a317ed-def0-11ef-aa3a-be3af2b6059f,0
d9ade665-bc5a-11ef-a97a-be3af2b6059f,1
d9b2749e-a0db-11ef-ae7a-08c0eb320147,0
d9e5fb1f-e2a6-11ed-ae78-08c0eb320147,3
d9f7a951-77bb-11ec-ae6d-08c0eb320147,0
da09373a-beba-11ee-b973-08c0eb32008b,4
da46b05b-8b29-11ea-aff3-0050560306e1,0
da5a7a75-54da-11eb-85a3-1c34dae33151,0
da80a760-a40d-11eb-85a9-1c34dae33151,0
da8539bf-9070-11eb-85a8-1c34dae33151,0
da94115e-a40e-11eb-85a9-1c34dae33151,0
daa94422-d160-11ee-b10b-08c0eb31fffb,0
dad038d0-3716-11f0-aa3c-be3af2b6059f,3
db1a70da-f3df-11ed-ae78-08c0eb320147,1
db1b28c9-2198-11ef-ae7a-08c0eb320147,0
db256d2c-9d00-11ef-b973-08c0eb32008b,0
db2e16df-91f9-11ef-8861-08c0eb32014b,0
db36a175-8bc1-11ef-8861-08c0eb32014b,0
db4010e4-3011-11ed-ae72-08c0eb320147,0
db87b953-f9ab-11ea-8599-1c34dae33151,0
db978b6b-a81a-11ef-8861-08c0eb32014b,2
dbaa46ef-7737-11ef-ae7a-08c0eb320147,3
dbbf6e79-50a8-11ed-ae75-08c0eb320147,0
dbec6100-7c3b-11f0-a5cb-7cc255b74513,2
dc37a11e-eb87-11eb-a0ee-ec0d9a21b021,0
dc55bc73-5e3f-11ef-b973-08c0eb32008b,0
dc92a686-582e-11ec-85ad-1c34dae33151,0
dc94154f-c266-11ed-885d-08c0eb32014b,0
dca371ce-95f5-11eb-85a9-1c34dae33151,0
dcb1dd42-9603-11eb-85a9-1c34dae33151,4
dce2130c-87c1-11eb-85a3-1c34dae33151,3
dd09e678-50d8-11ef-b973-08c0eb32008b,0
dd23b5c8-4ac9-11ed-885a-08c0eb32014b,1
dd270e73-70c6-11ed-b107-08c0eb31fffb,0
dd42ba14-8f55-11ee-ae7a-08c0eb320147,2
dd621940-8e1a-11ea-aff3-0050560306e1,0
dd642acd-63e0-11ed-b107-08c0eb31fffb,0
dd7b8eba-9119-11ef-b973-08c0eb32008b,1
ddff53cd-5ba2-11ee-b971-08c0eb32008b,4
de05f686-d68c-11ec-b96b-08c0eb32008b,0
de081876-233a-11ef-b973-08c0eb32008b,0
de26688f-ae8a-11ef-b973-08c0eb32008b,0
de34d547-710a-11eb-85a3-1c34dae33151,0
de3826c4-98c9-11ec-8856-08c0eb32014b,0
de6a946e-f002-11ee-b10b-08c0eb31fffb,0
de6cc7f9-f7fc-11ea-8599-1c34dae33151,3
deafcece-dbad-11ee-b10b-08c0eb31fffb,1
decf3c5d-511c-11ec-85ad-1c34dae33151,0
dedb9e54-50e9-11ef-b973-08c0eb32008b,2
def9c28d-92b7-11ed-ae77-08c0eb320147,0
defa5ebc-acca-11eb-85ab-1c34dae33151,3
df010f36-39b0-11ed-ae72-08c0eb320147,0
df0931ab-77af-11ed-b107-08c0eb31fffb,0
df0d7f6c-4586-11ed-b106-08c0eb31fffb,0
df4f93ac-c837-11eb-85ac-1c34dae33151,0
df6d188a-9215-11eb-85a8-1c34dae33151,2
df8b6410-a67f-11ef-b10b-08c0eb31fffb,0
df9a4f8d-9f24-11ee-b973-08c0eb32008b,2
dfa1ae9a-7d21-11ed-b970-08c0eb32008b,0
dfbc5b27-4fbf-11ed-b106-08c0eb31fffb,3
dfc954a5-9e66-11ee-b10b-08c0eb31fffb,0
dfdec1f2-a344-11ef-ae7a-08c0eb320147,0
dfecb1d0-a33c-11ee-b973-08c0eb32008b,0
e0447bb9-d7b1-11ed-b970-08c0eb32008b,0
e0463864-aec4-11ed-885d-08c0eb32014b,1
e055d143-9220-11eb-85a8-1c34dae33151,0
e05bdd43-8c88-11ef-b973-08c0eb32008b,0
e072d743-c455-11eb-85ac-1c34dae33151,0
e0883267-63e8-11ed-b107-08c0eb31fffb,0
e0ae636f-490a-11eb-85a3-1c34dae33151,4
e0d7223d-9081-11ef-8861-08c0eb32014b,1
e0ed3ab5-8a95-11ec-b967-08c0eb32008b,0
e11c5c37-9026-11ee-b10b-08c0eb31fffb,2
e1283ced-63df-11ed-b107-08c0eb31fffb,0
e13ca2e8-71bc-11ed-b96e-08c0eb32008b,4
e14cc0df-a074-11ed-885d-08c0eb32014b,0
e17da555-ac6e-11ed-b109-08c0eb31fffb,0
e1834879-205e-11eb-8599-1c34dae33151,0
e18836df-68d6-11ee-b10a-08c0eb31fffb,0
e18c443e-e39b-11ef-a97a-be3af2b6059f,0
e18f8301-0a3b-11f0-a5c9-7cc255b74513,0
e1932a37-817b-11ef-8861-08c0eb32014b,0
e1b8a09a-03dd-11f0-a97a-be3af2b6059f,3
e1f84d2c-da86-11ec-8859-08c0eb32014b,0
e2458967-9282-11ee-b10b-08c0eb31fffb,0
e26680df-d32a-11ef-aa3a-be3af2b6059f,1
e26c33cc-8a97-11ec-b967-08c0eb32008b,0
e28f9ecf-3c2a-11ea-b533-0050560306e1,2
e2d6e6ca-36cb-11ee-b10a-08c0eb31fffb,1
e301b879-a0e9-11ef-b973-08c0eb32008b,2
e308f013-1434-11ef-b973-08c0eb32008b,0
e311a8a7-f65c-11ee-8861-08c0eb32014b,0
e32a7df4-ffe7-11ef-a97a-be3af2b6059f,0
e32ba8c4-30a8-11f0-aa3c-be3af2b6059f,2
e3db8ee8-c461-11ef-a97a-be3af2b6059f,0
e3eb3349-0b22-11ec-a0ee-ec0d9a21b021,0
e42a9b75-4ec5-11ed-ae72-08c0eb320147,4
e42dc0a3-271b-11ef-b10b-08c0eb31fffb,2
e4752b0c-6758-11ed-b96e-08c0eb32008b,3
e49156cf-d177-11ee-8861-08c0eb32014b,0
e4927236-f367-11ef-aa3a-be3af2b6059f,4
e4bde7a5-321e-11ef-b973-08c0eb32008b,3
e4c9af25-6a36-11ed-b96e-08c0eb32008b,0
e53b82e7-da0d-11ee-ae7a-08c0eb320147,0
e548af58-6a39-11ed-b96e-08c0eb32008b,1
e565f6e8-f785-11ec-8859-08c0eb32014b,0
e58294da-02e1-11ef-ae7a-08c0eb320147,0
e590c22a-f7fb-11ee-ae7a-08c0eb320147,0
e5bb6543-c265-11ed-885d-08c0eb32014b,0
e5d21317-8ac4-11ea-aff3-0050560306e1,0
e5dc5e45-fda0-11ee-b973-08c0eb32008b,0
e5de52b2-6d2d-11eb-85a3-1c34dae33151,3
e6037028-728e-11eb-85a3-1c34dae33151,0
e6154625-1c17-11ef-8861-08c0eb32014b,0
e6180343-1163-11f0-a97c-be3af2b6059f,0
e6189f40-2dc5-11ed-b106-08c0eb31fffb,0
e62aee31-76a1-11ef-ae7a-08c0eb320147,0
e649ce42-42f6-11ec-a0ee-ec0d9a21b021,2
e65d6b8c-d7eb-11ea-8599-1c34dae33151,0
e672ef05-21f1-11ec-a0ee-ec0d9a21b021,0
e683a078-6a37-11ed-b96e-08c0eb32008b,1
e68711c3-f3e5-11ed-ae78-08c0eb320147,0
e6890565-db1f-11eb-85ad-1c34dae33151,3
e6cf5cd3-f041-11ee-b10b-08c0eb31fffb,0
e7149aed-b0bf-11ef-b973-08c0eb32008b,0
e734caee-f8db-11ee-ae7a-08c0eb320147,4
e74354b3-bd67-11ef-9bb0-be3af2b6059f,4
e743706b-243d-11ed-b106-08c0eb31fffb,2
e7760217-77ba-11ec-ae6d-08c0eb320147,0
e7821e4b-7096-11ed-b96e-08c0eb32008b,2
e7bd9195-de44-11ea-8599-1c34dae33151,1
e7cff9e3-71ba-11ed-b96e-08c0eb32008b,0
e7db76ec-63dd-11ed-b96e-08c0eb32008b,0
e7ee750a-3644-11ec-85ad-1c34dae33151,0
e7f4a49c-c918-11eb-85ac-1c34dae33151,4
e7f534fe-f58c-11ee-8861-08c0eb32014b,1
e80c3d47-c1d7-11ef-aa3a-be3af2b6059f,4
e80de2df-9e75-11ee-8861-08c0eb32014b,1
e85b5d49-96b1-11eb-85a9-1c34dae33151,2
e86802d8-d01a-11eb-85ac-1c34dae33151,2
e88c86f2-2cbd-11ef-ae7a-08c0eb320147,0
e895ef02-9bd8-11ed-b970-08c0eb32008b,0
e8a3061e-2aac-11ec-a0ee-ec0d9a21b021,3
e8c2b32c-a821-11eb-85a9-1c34dae33151,0
e8d2a35d-f8ee-11ef-a5c9-7cc255b74513,0
e8d379a1-8aca-11ee-b973-08c0eb32008b,0
e9243a9a-95a6-11ed-b970-08c0eb32008b,0
e934df76-31b2-11ec-a0ee-ec0d9a21b021,1
e93a49a7-e2e6-11ee-8861-08c0eb32014b,0
e982c5a2-92b8-11ed-ae77-08c0eb320147,4
e98a8595-31ef-11ee-b10a-08c0eb31fffb,0
e9a93d5b-6ccf-11ee-8860-08c0eb32014b,0
e9e97812-8c86-11eb-85a8-1c34dae33151,1
e9ee1c88-9284-11ee-ae7a-08c0eb320147,0
e9ef52da-6a21-11eb-85a3-1c34dae33151,0
e9f679cb-58bd-11f0-aa25-be3af2b6059f,1
ea047556-575d-11ec-a0ee-ec0d9a21b021,0
ea30610c-8170-11eb-85a3-1c34dae33151,0
ea3465c0-29b2-11ed-ae72-08c0eb320147,0
ea3a78fc-8b99-11ef-8861-08c0eb32014b,0
ea6da713-5516-11ed-ae75-08c0eb320147,0
eaaf7108-8c77-11eb-85a8-1c34dae33151,4
eb7611e3-35a2-11ec-a0ee-ec0d9a21b021,0
eb87725d-8d8e-11ec-b967-08c0eb32008b,0
ebd00d91-775e-11eb-85a3-1c34dae33151,0
ec022188-182b-11ef-ae7a-08c0eb320147,0
ec0f698e-43b6-11ed-b96c-08c0eb32008b,0
ec1d6c35-f81a-11ef-aa3a-be3af2b6059f,2
ec2340db-70bf-11ed-b107-08c0eb31fffb,0
ec3125fa-edd6-11ee-ae7a-08c0eb320147,1
ec41dd71-c763-11eb-85ac-1c34dae33151,2
ec910e69-817e-11ef-8861-08c0eb32014b,0
eca517e0-cf5a-11eb-85ac-1c34dae33151,0
ecad3ea9-124c-11ec-a0ee-ec0d9a21b021,2
ecb0000f-a950-11ea-9e08-0050560306e1,0
ecd0c6c9-abb3-11ed-b109-08c0eb31fffb,0
ecd1cfcc-ff1c-11ef-a5c9-7cc255b74513,2
ecd6473f-4001-11ee-885f-08c0eb32014b,0
ece171b3-02f3-11ef-b10b-08c0eb31fffb,4
ece2159e-5853-11ee-885f-08c0eb32014b,4
ed14051d-3642-11ec-85ad-1c34dae33151,0
ed1bcc0a-1384-11eb-8599-1c34dae33151,1
ed2d8a32-a40c-11ea-bb36-0050560306e1,3
ed41091f-a32f-11ee-8861-08c0eb32014b,3
ed578ee1-3dfa-11eb-a941-98039bebacf1,0
ed8740ee-ac79-11ed-885d-08c0eb32014b,0
edbfa6dd-2dbb-11ec-a0ee-ec0d9a21b021,0
edc6dc0e-5d40-11ea-a7b3-0050560306e1,1
edf13c1c-a40b-11eb-85a9-1c34dae33151,0
edfe286b-c64b-11ee-b973-08c0eb32008b,2
ee1a2261-01a8-11ec-a0ee-ec0d9a21b021,0
ee3eccde-0fbd-11eb-8599-1c34dae33151,1
ee462f23-75ec-11ea-a214-0050560307be,4
ee7d2e5b-5097-11ee-885f-08c0eb32014b,0
eef0ebcd-8e61-11ec-ae6d-08c0eb320147,4
ef1295ca-30ce-11eb-859a-1c34dae33151,0
ef175231-6099-11f0-aa25-be3af2b6059f,0
ef1821c1-c26f-11ed-ae77-08c0eb320147,0
ef1fe451-33be-11ea-a07d-0050560306e1,0
ef25490d-abad-11ed-b970-08c0eb32008b,0
ef2cf0bd-2193-11ef-b973-08c0eb32008b,0
ef34b2f2-8ac5-11ea-aff3-0050560306e1,0
ef43ab6f-50c0-11ef-b10b-08c0eb31fffb,0
efd74115-4b73-11ec-85ad-1c34dae33151,3
efd784f2-3801-11ec-85ad-1c34dae33151,0
effc51b0-cf65-11ef-aa23-be3af2b6059f,2
f03b6cd5-dc33-11ec-8859-08c0eb32014b,3
f04053e2-8f67-11ee-b973-08c0eb32008b,0
f06eaf99-c663-11ee-8861-08c0eb32014b,0
f070da7d-3010-11ed-ae72-08c0eb320147,0
f08b7fe8-d7b4-11ed-b970-08c0eb32008b,0
f0a48df3-011b-11ed-b96c-08c0eb32008b,4
f0b83b31-1c3c-11f0-9bb2-be3af2b6059f,0
f0d38003-429d-11ee-885f-08c0eb32014b,0
f0d85f30-ce83-11eb-85ac-1c34dae33151,3
f0ed30b0-dfcc-11ef-a5c9-7cc255b74513,0
f12eb1b7-d339-11eb-85ac-1c34dae33151,4
f13dc215-d7e7-11eb-85ac-1c34dae33151,0
f13de4c6-9a52-11ec-ae6d-08c0eb320147,0
f1506517-8ad8-11ef-b973-08c0eb32008b,4
f16495a5-a659-11ef-b10b-08c0eb31fffb,0
f179894c-50e2-11ef-b973-08c0eb32008b,0
f1bc8eb3-8b9b-11ef-8861-08c0eb32014b,0
f1c17d06-02e7-11ef-8861-08c0eb32014b,0
f1d569d7-8d40-11ee-b10b-08c0eb31fffb,3
f1e979d1-5c11-11ec-a0ee-ec0d9a21b021,0
f1eb117b-2726-11ef-ae7a-08c0eb320147,3
f1ecf410-e861-11eb-a0ee-ec0d9a21b021,1
f1eff5f4-1f4b-11ef-b10b-08c0eb31fffb,3
f207c36d-12a0-11ef-b10b-08c0eb31fffb,3
f21b9c61-87cd-11f0-aa25-be3af2b6059f,0
f261e0d1-6aae-11ef-b10b-08c0eb31fffb,0
f2950f72-0257-11ef-ae7a-08c0eb320147,0
f2a0b1b6-6e75-11ee-b10a-08c0eb31fffb,0
f2b9c812-87ba-11eb-85a3-1c34dae33151,0
f2cce16a-9e63-11ee-8861-08c0eb32014b,1
f2dcfb1d-5b98-11ee-b10a-08c0eb31fffb,0
f3143e8f-d30a-11ea-8598-1c34dae33151,0
f31aa347-c162-11ec-b96b-08c0eb32008b,0
f3487a6f-a416-11eb-85a9-1c34dae33151,0
f34b66b6-34bb-11f0-aa3c-be3af2b6059f,2
f34d09fa-06e4-11eb-8599-1c34dae33151,4
f37e3006-8e19-11ea-aff3-0050560306e1,0
f393eea2-b94d-11eb-85ab-1c34dae33151,2
f3be02c8-d1f0-11ec-8859-08c0eb32014b,0
f3c8d80f-8e6c-11ec-ae6d-08c0eb320147,0
f3ce629b-7760-11eb-85a3-1c34dae33151,0
f3d6c695-f149-11ec-b96b-08c0eb32008b,0
f3dda304-ecf3-11ee-ae7a-08c0eb320147,0
f3f635f1-ac76-11ed-ae77-08c0eb320147,0
f3f78bf6-8c8c-11eb-85a8-1c34dae33151,0
f4236a9f-7d53-11ee-b10b-08c0eb31fffb,0
f44a90a7-c26e-11ed-b970-08c0eb32008b,2
f44addda-4587-11ed-b106-08c0eb31fffb,3
f473677f-d284-11eb-85ac-1c34dae33151,0
f48636dc-e543-11ef-a5c9-7cc255b74513,0
f4875010-175a-11ef-b973-08c0eb32008b,0
f4a70133-c10d-11ef-9bb0-be3af2b6059f,4
f4c559fe-585e-11ee-b971-08c0eb32008b,0
f4fd243d-2e36-11ef-b973-08c0eb32008b,4
f5699ecb-bf7f-11ee-b973-08c0eb32008b,0
f57d4f61-4ede-11eb-85a3-1c34dae33151,0
f58a5f30-d001-11ea-b7de-0050560306e1,3
f59846a1-bc41-11ee-b973-08c0eb32008b,0
f5aa53b7-dfcf-11ef-a5c9-7cc255b74513,0
f5be3f54-5e03-11ee-b971-08c0eb32008b,3
f63cdaaf-bbab-11ef-a97a-be3af2b6059f,0
f69e0e84-a81c-11eb-85a9-1c34dae33151,0
f6a07736-a1cf-11ef-ae7a-08c0eb320147,2
f6aee138-4d26-11f0-aa25-be3af2b6059f,0
f6bcb7f7-202a-11f0-9bb2-be3af2b6059f,0
f6cdc613-88b2-11f0-9bb2-be3af2b6059f,4
f6f9e993-9122-11ef-b973-08c0eb32008b,0
f708845f-e4ef-11ee-ae7a-08c0eb320147,0
f7114dd3-c262-11ed-ae77-08c0eb320147,0
f7177c10-bf61-11ee-b10b-08c0eb31fffb,0
f72a1632-a945-11ea-9e08-0050560306e1,1
f74c5f16-71bc-11ed-b96e-08c0eb32008b,0
f74fc788-334d-11ec-85ad-1c34dae33151,2
f780162b-156e-11f0-9bb2-be3af2b6059f,0
f793a5b4-4a59-11ef-ae7a-08c0eb320147,0
f7bba09b-35a5-11ec-a0ee-ec0d9a21b021,1
f7f50b6e-b33b-11eb-85ab-1c34dae33151,3
f8283a94-8d93-11ec-b967-08c0eb32008b,0
f82a6e60-594f-11ee-b971-08c0eb32008b,3
f83aefb1-35a9-11ec-a0ee-ec0d9a21b021,0
f85c390f-859a-11ec-8856-08c0eb32014b,4
f85f483c-5c0f-11ec-a0ee-ec0d9a21b021,0
f87099f3-70c6-11ed-b107-08c0eb31fffb,0
f88f8e0a-ac73-11ed-b970-08c0eb32008b,0
f8962948-205a-11ec-a0ee-ec0d9a21b021,0
f8b85cbc-952b-11ef-b973-08c0eb32008b,4
f8da86d7-7764-11eb-85a3-1c34dae33151,0
f8df2aac-c388-11ef-a97a-be3af2b6059f,0
f8e689be-4b9b-11ec-85ad-1c34dae33151,0
f908cb2e-52a6-11ec-85ad-1c34dae33151,1
f95221da-eba5-11ea-8599-1c34dae33151,0
f95776fc-8ea5-11ee-b10b-08c0eb31fffb,1
f95ce406-a29c-11eb-85a9-1c34dae33151,3
f967c8c5-3f8d-11f0-9bb2-be3af2b6059f,0
f9b12d22-ffd1-11ef-a5c9-7cc255b74513,0
f9bdb43f-1a9a-11ea-a231-0050560306e1,0
f9c19ca3-738e-11ec-8856-08c0eb32014b,0
f9d1db74-8bd5-11ea-aff3-0050560306e1,1
fa1ecc2b-5955-11ed-885b-08c0eb32014b,0
fa380944-48ef-11ea-8a1c-0050560306e1,0
fa500024-43b7-11ed-b96c-08c0eb32008b,0
fa540655-ad9b-11ef-8861-08c0eb32014b,2
fa8cb57b-695d-11f0-a5cb-7cc255b74513,0
fab3926f-77b9-11ec-ae6d-08c0eb320147,1
fae955f9-8581-11eb-85a3-1c34dae33151,1
fb2835eb-6587-11ed-ae75-08c0eb320147,4
fb713060-57c3-11ee-b10a-08c0eb31fffb,1
fb7b5af3-8c89-11ef-ae7a-08c0eb320147,1
fbbfa6a5-2510-11f0-a97c-be3af2b6059f,3
fbc42487-0094-11ef-b10b-08c0eb31fffb,0
fbcb8809-6874-11f0-a5cb-7cc255b74513,4
fbddd839-31b0-11ec-a0ee-ec0d9a21b021,3
fbeaf0fa-9c51-11eb-85a9-1c34dae33151,1
fbed1cc7-6652-11ed-b96e-08c0eb32008b,1
fc008b9e-1f2d-11ef-8861-08c0eb32014b,1
fc3665ff-2c1b-11ec-a0ee-ec0d9a21b021,0
fc3e7e71-9f26-11ee-b10b-08c0eb31fffb,3
fc42aa11-da55-11eb-85ad-1c34dae33151,0
fc78934f-31bf-11ec-a0ee-ec0d9a21b021,0
fcb5aad4-ac75-11ed-ae77-08c0eb320147,0
fccafeaa-6171-11f0-a97c-be3af2b6059f,1
fcf9ced3-582d-11ec-85ad-1c34dae33151,0
fcfff8a3-0f47-11ee-ae78-08c0eb320147,0
fd60c275-7c02-11eb-85a3-1c34dae33151,2
fd707019-58b3-11ef-b10b-08c0eb31fffb,4
fdd8c49a-89d0-11ee-ae7a-08c0eb320147,0
fde2b8ce-71be-11ed-b96e-08c0eb32008b,1
fdea38a7-5e77-11ed-ae75-08c0eb320147,1
fdf440b5-f3de-11ed-ae78-08c0eb320147,3
fe0b86fe-ac74-11ed-b109-08c0eb31fffb,4
fe110e73-f8d9-11ee-b10b-08c0eb31fffb,4
fe139b7e-1c55-11f0-a97c-be3af2b6059f,0
fe42a652-86ae-11ed-885d-08c0eb32014b,3
fe59e3a4-75e8-11ea-a214-0050560307be,4
fe6b2090-9c28-11ef-b10b-08c0eb31fffb,0
fe82d495-4947-11ec-a0ee-ec0d9a21b021,0
fe97caa4-c01b-11ee-b973-08c0eb32008b,2
fea28687-f02a-11ef-a5c9-7cc255b74513,0
fece1ccb-70bf-11ed-b107-08c0eb31fffb,0
fee5ed64-6d46-11eb-85a3-1c34dae33151,0
feea8c53-8843-11ee-8861-08c0eb32014b,0
feffcf40-96b3-11eb-85a9-1c34dae33151,2
ff0547b9-f285-11ea-8599-1c34dae33151,1
ff41802a-2195-11ef-b973-08c0eb32008b,3
ff4bc29d-715c-11ed-b96e-08c0eb32008b,0
ff55434c-800d-11eb-85a3-1c34dae33151,0
ff62435c-8278-11f0-9bb2-be3af2b6059f,0
ffc39ff7-2cbe-11ec-a0ee-ec0d9a21b021,1
ffd9283f-50d7-11ef-b973-08c0eb32008b,0
